BE6;Arcaere;;;;;
BE6_ADJ;Arcaerean;;;;;
DD7;Kollskeg;;;;;
DD7_ADJ;Kollskegan;;;;;
HC6;Mzeneldt;;;;;
HC6_ADJ;Mzeneldtan;;;;;
MC0;Bamz-Amschend;;;;;
MC0_ADJ;Bamz-Amschendan;;;;;
RAL;Ralris;;;;;
RAL_ADJ;Ralrisian;;;;;
RKR;Riekr Gathering;;;;;
RKR_ADJ;Riekr;;;;;
ND3;Narzulbur;;;;;
ND3_ADJ;Narzulburan;;;;;
GAL;Great Alinor;;;;;
GAL_ADJ;Great Alinori;;;;;
AC0;Corimont Tribe;;;;;
AC0_ADJ;Alten Corimontan;;;;;
HC3;Uguszh'tum;;;;;
HC3_ADJ;Uguszh'tuman;;;;;
WTB;Winterborn Clan;;;;;
WTB_ADJ;Winterbornen;;;;;
ED0;Ne-Quin-Al;;;;;
ED0_ADJ;Ne-Quin-Alan;;;;;
BB3;Koeglin;;;;;
BB3_ADJ;Koeglinan;;;;;
CG4;Welke;;;;;
CG4_ADJ;Welken;;;;;
UB1;Erinith;;;;;
UB1_ADJ;Erinithan;;;;;
AE3;Arnesia Tribe;;;;;
AE3_ADJ;Arnesian;;;;;
AC7;Root-House Tribe;;;;;
AC7_ADJ;Root-House;;;;;
AB4;Dunmont Tribe;;;;;
AB4_ADJ;Alten Dunmontan;;;;;
HF4;Sanctum Ophidia;;;;;
HF4_ADJ;Sanctun;;;;;
MH0;Dulg Granosh;;;;;
MH0_ADJ;Dulg Granoshan;;;;;
NB4;Dreadhorn Clan;;;;;
NB4_ADJ;Dreadhorn;;;;;
PB2;Baga;;;;;
PB2_ADJ;Bagan;;;;;
AB5;Sea-Fall Tribe;;;;;
AB5_ADJ;Sea-Fall;;;;;
NF8;Cradlecrush Camp;;;;;
NF8_ADJ;Cradlecrush Crush;;;;;
FRO;Tribe of Frozen Giants;;;;;
FRO_ADJ;Frozen Giant;;;;;
VB2;Brackenleaf;;;;;
VB2_ADJ;Brackenleafer;;;;;
CD7;Hrotanda Vale;;;;;
CD7_ADJ;Hrotandan;;;;;
CE7;Vilverin;;;;;
CE7_ADJ;Vilverinan;;;;;
AD0;Rock Creek Tribe;;;;;
AD0_ADJ;Rock Creek;;;;;
LC0;Everfull Flagon;;;;;
LC0_ADJ;Everfull;;;;;
YB7;Taleskan;;;;;
YB7_ADJ;Taleskanian;;;;;
SB1;Phaer;;;;;
SB1_ADJ;Phaerian;;;;;
ALH;Al-Hared;;;;;
ALH_ADJ;Al-Haredan;;;;;
BA9;Frostbreak;;;;;
BA9_ADJ;Frostbreaker;;;;;
CA4;Nenyond Twyll;;;;;
CA4_ADJ;Twyllan;;;;;
CD6;Lindai;;;;;
CD6_ADJ;Lindaian;;;;;
HB5;Cliff Keep;;;;;
HB5_ADJ;Cliff Keep;;;;;
BB7;Aldcroft;;;;;
BB7_ADJ;Aldcroftish;;;;;
CD4;Arrilvia;;;;;
CD4_ADJ;Arrilvian;;;;;
HD7;Dragon Gate;;;;;
HD7_ADJ;Dragon;;;;;
NF4;Broken Limb Camp;;;;;
NF4_ADJ;Broken Limb;;;;;
MF6;Shilansour;;;;;
MF6_ADJ;Shilansouri;;;;;
JA8;Abu;;;;;
JA8_ADJ;Abuan;;;;;
CI8;Cropsford;;;;;
CI8_ADJ;Cropsfordish;;;;;
MC3;Seyda Neen;;;;;
MC3_ADJ;Seyda Neen;;;;;
UA9;Ahith;;;;;
UA9_ADJ;Ahithan;;;;;
VB5;Velyn Harbor;;;;;
VB5_ADJ;Velyn;;;;;
EB6;Khenarthia;;;;;
EB6_ADJ;Khenarthian;;;;;
HB8;Satakalaam;;;;;
HB8_ADJ;Satakalaaman;;;;;
SE4;Karnwasten Moor;;;;;
SE4_ADJ;Karnwasten;;;;;
SB9;Aldveyond Beldaburk;;;;;
SB9_ADJ;Aldveyond;;;;;
SA4;Cloudrest;;;;;
SA4_ADJ;Cloudrest;;;;;
YC3;Bahia;;;;;
YC3_ADJ;Bahian;;;;;
GA2;Razorsworn Clan;;;;;
GA2_ADJ;Razorsworn;;;;;
VC3;Darkfern Clan;;;;;
VC3_ADJ;Darkfern;;;;;
WA8;Vastyr;;;;;
WA8_ADJ;Vastyran;;;;;
CD9;Pell's Gate;;;;;
CD9_ADJ;Gatekeeper;;;;;
BE2;Hoarfrost;;;;;
BE2_ADJ;Hoarfrost;;;;;
AE4;Glow-Gill Tribe;;;;;
AE4_ADJ;Glow-Gill;;;;;
BC4;King-Slayers;;;;;
BC4_ADJ;King-Slayer;;;;;
GA5;Dagon Clan;;;;;
GA5_ADJ;Dagon's;;;;;
LA1;Hollow City;;;;;
LA1_ADJ;Hollow;;;;;
NB8;Granitehall;;;;;
NB8_ADJ;Granite;;;;;
NG1;Bthar-Zel;;;;;
NG1_ADJ;Bthar-Zelan;;;;;
YB8;Tagon;;;;;
YB8_ADJ;Tagonan;;;;;
GA6;Lust Keepers;;;;;
GA6_ADJ;Lust;;;;;
CJ5;Bloody Hand Tribe;;;;;
CJ5_ADJ;Bloody Hand;;;;;
RES;Restless League;;;;;
RES_ADJ;Restless;;;;;
VA3;Falinesti;;;;;
VA3_ADJ;Falinestian;;;;;
SC5;Heinarwe;;;;;
SC5_ADJ;Heinarwean;;;;;
BD8;Shinji's Scarp;;;;;
BD8_ADJ;Shinji's;;;;;
NB5;Morthal;;;;;
NB5_ADJ;Hjaalmarcher;;;;;
OB1;Umitun;;;;;
OB1_ADJ;Umitunan;;;;;
MH1;Or Krazak;;;;;
MH1_ADJ;Or Krazakan;;;;;
MOA;Mora;;;;;
MOA_ADJ;Moran;;;;;
NF3;Helgen;;;;;
NF3_ADJ;Helgan;;;;;
LA6;Spurned Peak;;;;;
LA6_ADJ;Spurned;;;;;
SOR;Wooden Orsinium;;;;;
SOR_ADJ;Wooden;;;;;
PB6;Cato Ydur;;;;;
PB6_ADJ;Cato Yduran;;;;;
UA1;Zarascith;;;;;
UA1_ADJ;Zarascithan;;;;;
NA8;Winterhold;;;;;
NA8_ADJ;Winterholder;;;;;
OB7;Lukoexi;;;;;
OB7_ADJ;Lukoexian;;;;;
EB2;Meirvale;;;;;
EB2_ADJ;Meirvalean;;;;;
HF6;Balamath;;;;;
HF6_ADJ;Balamathi;;;;;
MNT;Minotaur State;;;;;
MNT_ADJ;Minotauric;;;;;
KRE;Kreath;;;;;
KRE_ADJ;Kreathmen;;;;;
NB6;Solitude;;;;;
NB6_ADJ;Haafingar;;;;;
PA6;Thetta;;;;;
PA6_ADJ;Thettan;;;;;
PB0;Eilyse;;;;;
PB0_ADJ;Eilysean;;;;;
RB0;Midnight Sanctuary;;;;;
RB0_ADJ;Midnight;;;;;
CJ3;Drakelowe;;;;;
CJ3_ADJ;Drakelowen;;;;;
PC0;Gaddu;;;;;
PC0_ADJ;Gadduan;;;;;
ND6;Mor Khazgur;;;;;
ND6_ADJ;Mor Khazguran;;;;;
FRS;Forelhost;;;;;
FRS_ADJ;Forelhoster;;;;;
ARC;Archein State;;;;;
ARC_ADJ;Archein;;;;;
CB0;Ceya-Tar;;;;;
CB0_ADJ;Ceya-Taran;;;;;
UB3;Szeladonith;;;;;
UB3_ADJ;Szeladonithan;;;;;
BA3;Balfiera;;;;;
BA3_ADJ;Balfieran;;;;;
BD6;Farrun;;;;;
BD6_ADJ;Farrun;;;;;
VC0;Dibellum;;;;;
VC0_ADJ;Dibellum;;;;;
CF6;Nornal;;;;;
CF6_ADJ;Nornallan;;;;;
CTM;Cantemiric Velothi;;;;;
CTM_ADJ;Cantemiric;;;;;
IMG;Imga;;;;;
IMG_ADJ;Imgan;;;;;
MH8;Voshu Nor;;;;;
MH8_ADJ;Voshu Noran;;;;;
OC6;Dar'hax;;;;;
OC6_ADJ;Dar'haxan;;;;;
VE0;Carac Dena;;;;;
VE0_ADJ;Denan;;;;;
WA3;Valor Keep;;;;;
WA3_ADJ;Valor;;;;;
HG4;Hallin's Stand;;;;;
HG4_ADJ;Hallin's;;;;;
ROS;Roscrea;;;;;
ROS_ADJ;Roscrean;;;;;
AA6;Moonmarch;;;;;
AA6_ADJ;Moonmarcher;;;;;
MA1;Solstheim;;;;;
MA1_ADJ;Solstheim;;;;;
ELZ;Elzaqess;;;;;
ELZ_ADJ;Elzaqessian;;;;;
VA8;Haven;;;;;
VA8_ADJ;Havener;;;;;
NG4;Clan Nur;;;;;
NG4_ADJ;Nuran;;;;;
EA9;Duncorii;;;;;
EA9_ADJ;Duncorian;;;;;
MF3;Bthung;;;;;
MF3_ADJ;Bthungan;;;;;
CG6;Atatar;;;;;
CG6_ADJ;Atataran;;;;;
ORS;Orsinium;;;;;
ORS_ADJ;Orsinian;;;;;
ME4;Ald'Ruhn;;;;;
ME4_ADJ;Ald'Ruhnan;;;;;
HB9;Elinhir;;;;;
HB9_ADJ;Elinhiran;;;;;
LB3;Vile Laboratory;;;;;
LB3_ADJ;Vile;;;;;
AD5;Kaymesh Tribe;;;;;
AD5_ADJ;Kaymeshan;;;;;
CJ7;Sharp Tooth Tribe;;;;;
CJ7_ADJ;Sharp Tooth;;;;;
HA4;Vulkuneu;;;;;
HA4_ADJ;Vulkunean;;;;;
MI2;Marandus;;;;;
MI2_ADJ;Marandusan;;;;;
SIN;Sinistral Elves;;;;;
SIN_ADJ;Sinistral;;;;;
BC2;Ravenwatch;;;;;
BC2_ADJ;Ravenwatch;;;;;
BF2;Silumm;;;;;
BF2_ADJ;Silumman;;;;;
CA6;Skingrad;;;;;
CA6_ADJ;Skingradian;;;;;
MH2;Bthanchend;;;;;
MH2_ADJ;Bthanchendi;;;;;
PB9;Pontu;;;;;
PB9_ADJ;Pontuan;;;;;
DA3;Irenmund;;;;;
DA3_ADJ;Irenmundian;;;;;
DB0;The Sister's Sons;;;;;
DB0_ADJ;Sister's;;;;;
DIR;Direnni Hegemony;;;;;
DIR_ADJ;Direnni;;;;;
DD9;Ranveig Tribe;;;;;
DD9_ADJ;Ranveigan;;;;;
CB5;Weye;;;;;
CB5_ADJ;Weyan;;;;;
NB2;Whiterun;;;;;
NB2_ADJ;Whiterunish;;;;;
VE1;Mobar Clan;;;;;
VE1_ADJ;Mobar;;;;;
LA5;Moonless Walk;;;;;
LA5_ADJ;Moonless;;;;;
BE7;Ebokii;;;;;
BE7_ADJ;Ebokii;;;;;
GA8;Brandfire Tribe;;;;;
GA8_ADJ;Brandfire;;;;;
MA7;Akamora;;;;;
MA7_ADJ;Akamoran;;;;;
JB3;Ban'zu;;;;;
JB3_ADJ;Ban'zuan;;;;;
EA2;Riverhold;;;;;
EA2_ADJ;Riverholden;;;;;
NGH;Nighthollow Clan;;;;;
NGH_ADJ;Nighthollow;;;;;
NF5;High Hrothgar;;;;;
NF5_ADJ;Hrothgarish;;;;;
GOL;Gold Coast;;;;;
GOL_ADJ;Gold Coastal;;;;;
HE4;Karnver;;;;;
HE4_ADJ;Karnver;;;;;
CE8;Hackdirt;;;;;
CE8_ADJ;Hackdirtish;;;;;
PC3;Bondar;;;;;
PC3_ADJ;Bondarian;;;;;
YD0;Zanjar;;;;;
YD0_ADJ;Zanjaran;;;;;
COR;Coral Kingdom;;;;;
COR_ADJ;Coral;;;;;
BC9;Jehanna;;;;;
BC9_ADJ;Jehannan;;;;;
CG0;Malada;;;;;
CG0_ADJ;Maladan;;;;;
LB7;Foolkillers Clan;;;;;
LB7_ADJ;Foolkiller;;;;;
GA3;Ruinblood Clan;;;;;
GA3_ADJ;Ruinblood;;;;;
SEC;Second Empire;;;;;
SEC_ADJ;Second Empire;;;;;
HOL;Hollow Legions;;;;;
HOL_ADJ;Hollow;;;;;
NA4;Raldbthar;;;;;
NA4_ADJ;Raldbtharan;;;;;
OA2;Tosh Raka;;;;;
OA2_ADJ;Tosh Rakan;;;;;
NE9;Snowhawk;;;;;
NE9_ADJ;Snowhawk;;;;;
BC1;Mournoth;;;;;
BC1_ADJ;Mournothian;;;;;
AC6;Miredancers Tribe;;;;;
AC6_ADJ;Miredancers;;;;;
MOK;Men-of-Ket;;;;;
MOK_ADJ;Men-of-Ket;;;;;
NE4;Giant's Coast Camp;;;;;
NE4_ADJ;Giant's Coast;;;;;
TEN;Tenarr Zalviit;;;;;
TEN_ADJ;Tenarr;;;;;
TSA;Tsakara;;;;;
TSA_ADJ;Tsakaran;;;;;
DRS;House Dres;;;;;
DRS_ADJ;Dres;;;;;
BB6;Menevia;;;;;
BB6_ADJ;Menevian;;;;;
IA1;Elneane;;;;;
IA1_ADJ;Elneane;;;;;
MK0;Mzahnch;;;;;
MK0_ADJ;Mzahnchan;;;;;
SB0;Shimmerene;;;;;
SB0_ADJ;Shimmerenean;;;;;
MOG;Men-of-Ge;;;;;
MOG_ADJ;Men-of-Ge;;;;;
MA4;Dhalmora;;;;;
MA4_ADJ;Dhalmoran;;;;;
MI6;Indoranyon;;;;;
MI6_ADJ;Indoranyonan;;;;;
PAC;Ebonheart Pact;;;;;
PAC_ADJ;Ebonheart;;;;;
HA8;Taneth;;;;;
HA8_ADJ;Tanethian;;;;;
NB1;Irkngthand;;;;;
NB1_ADJ;Irkngthandian;;;;;
NG5;Clan Udun;;;;;
NG5_ADJ;Udunan;;;;;
SE2;Mathiisen;;;;;
SE2_ADJ;Mathiisen;;;;;
MD3;Mvelthngth-Schel;;;;;
MD3_ADJ;Mvelthngth-Schelan;;;;;
JA5;To;;;;;
JA5_ADJ;Toan;;;;;
VC8;Silvenar;;;;;
VC8_ADJ;Silvenar;;;;;
TA7;Shaesci;;;;;
TA7_ADJ;Shaescian;;;;;
VD9;Ilayas;;;;;
VD9_ADJ;Ilayas;;;;;
ALI;Alik'r State;;;;;
ALI_ADJ;Alik'r;;;;;
HG7;Skaven;;;;;
HG7_ADJ;Skaven;;;;;
GA7;The Abominations;;;;;
GA7_ADJ;Abominational;;;;;
AKA;Akavir;;;;;
AKA_ADJ;Akaviri;;;;;
HH1;Abibon;;;;;
HH1_ADJ;Abibon;;;;;
SMR;Summerset Islands;;;;;
SMR_ADJ;Summerset;;;;;
AC1;Thtith-Bok Tribe;;;;;
AC1_ADJ;Thtith-Bokan;;;;;
CK0;White Skin Tribe;;;;;
CK0_ADJ;White Skin;;;;;
ND4;Dushnikh Yal;;;;;
ND4_ADJ;Dushnikh Yalan;;;;;
AE7;Gandranen;;;;;
AE7_ADJ;Gandranenan;;;;;
RA8;Stone Garden;;;;;
RA8_ADJ;Stone;;;;;
YA1;Arch;;;;;
YA1_ADJ;Archan;;;;;
RA5;Kagalthar;;;;;
RA5_ADJ;Kagaltharan;;;;;
CLA;Clannfear's Horde;;;;;
CLA_ADJ;Clannfear;;;;;
BA8;Glenumbra;;;;;
BA8_ADJ;Glenumbran;;;;;
EB7;Bruk'ra;;;;;
EB7_ADJ;Bruk'ran;;;;;
CD8;Ione;;;;;
CD8_ADJ;Ionian;;;;;
HA7;Evermore;;;;;
HA7_ADJ;Evermoran;;;;;
TAM;Tamriel;;;;;
TAM_ADJ;Tamrielic;;;;;
AF0;Varakun;;;;;
AF0_ADJ;Varakun;;;;;
SAD;House Sadras;;;;;
SAD_ADJ;Sadras;;;;;
UA8;Laroith;;;;;
UA8_ADJ;Laroithan;;;;;
NC1;Dragon Bridge;;;;;
NC1_ADJ;Dragon;;;;;
HD9;Chastown;;;;;
HD9_ADJ;Chastown;;;;;
ME2;Kaushminipu;;;;;
ME2_ADJ;Kaushminipuan;;;;;
TEL;House Telvanni;;;;;
TEL_ADJ;Telvanni;;;;;
DA7;Folkmar Tribe;;;;;
DA7_ADJ;Folkmaran;;;;;
HG3;Hel Ra;;;;;
HG3_ADJ;Hel Ran;;;;;
HH6;Drangstor;;;;;
HH6_ADJ;Drangstor;;;;;
SC8;Scutters Pond;;;;;
SC8_ADJ;Scutters;;;;;
YA5;Soul'Yelr;;;;;
YA5_ADJ;Soul'Yelran;;;;;
IA3;Gilard;;;;;
IA3_ADJ;Gilardian;;;;;
ALG;Al-Gemha;;;;;
ALG_ADJ;Al-Gemhan;;;;;
GA1;Crimson Oath Clan;;;;;
GA1_ADJ;Crimson;;;;;
BRD;Bird Men Flock;;;;;
BRD_ADJ;Bird Men;;;;;
HE1;Hegathe;;;;;
HE1_ADJ;Hegathean;;;;;
BLA;Black Mountain;;;;;
BLA_ADJ;Black Mountain;;;;;
HOR;Horwalli State;;;;;
HOR_ADJ;Horwalli;;;;;
ME6;Pudashara;;;;;
ME6_ADJ;Pudasharan;;;;;
MB8;Erushara;;;;;
MB8_ADJ;Erusharan;;;;;
CE2;Piukanda;;;;;
CE2_ADJ;Piukandan;;;;;
MUR;Murkmire;;;;;
MUR_ADJ;Murkmirish;;;;;
YC1;Lumut;;;;;
YC1_ADJ;Lumutan;;;;;
BE5;Dwynnarth;;;;;
BE5_ADJ;Dwynnarth;;;;;
VA2;Valeguard;;;;;
VA2_ADJ;Valeguard;;;;;
SA8;Sunhold;;;;;
SA8_ADJ;Sunholder;;;;;
VC2;Vullain;;;;;
VC2_ADJ;Vullain;;;;;
HC5;Ag'krazak;;;;;
HC5_ADJ;Ag'krazakan;;;;;
YOK;Yokuda;;;;;
YOK_ADJ;Yokudan;;;;;
ND7;Wildspear Clan;;;;;
ND7_ADJ;Wildspear;;;;;
SC9;Skywatch;;;;;
SC9_ADJ;Skywatcher;;;;;
HF8;Klathzgar;;;;;
HF8_ADJ;Klathzgaran;;;;;
LA3;Lightless Oubliette;;;;;
LA3_ADJ;Lightless;;;;;
BD4;Reywark;;;;;
BD4_ADJ;Reywark;;;;;
CI9;Applewatch;;;;;
CI9_ADJ;Applewatcher;;;;;
SB4;Greenwater Cove;;;;;
SB4_ADJ;Greenwater;;;;;
UA7;Ionith;;;;;
UA7_ADJ;Ionithan;;;;;
VA1;Ebon Ro;;;;;
VA1_ADJ;Ebon Ro'an;;;;;
VC9;Vinedusk;;;;;
VC9_ADJ;Vinedusk;;;;;
MJ9;Aleft;;;;;
MJ9_ADJ;Aleftan;;;;;
SA3;Rellenthil;;;;;
SA3_ADJ;Rellenthilan;;;;;
OB9;Zanexi;;;;;
OB9_ADJ;Zanexian;;;;;
CF1;Sedor;;;;;
CF1_ADJ;Sedoran;;;;;
NB9;Markarth;;;;;
NB9_ADJ;Markarthish;;;;;
CA2;Blankenmarch;;;;;
CA2_ADJ;Blankenmarcher;;;;;
AET;Aetherium Alliance;;;;;
AET_ADJ;Allied;;;;;
MF5;Arkantng;;;;;
MF5_ADJ;Arkantngan;;;;;
YB0;Kruzka;;;;;
YB0_ADJ;Kruzkan;;;;;
AC8;Sharp-Eyed Tribe;;;;;
AC8_ADJ;Sharp-Eyed;;;;;
EC9;Corinthe;;;;;
EC9_ADJ;Corinthen;;;;;
JER;Jerall Mountains;;;;;
JER_ADJ;Jerall;;;;;
CC6;Varondo;;;;;
CC6_ADJ;Varondoan;;;;;
BE9;Murtag Clan;;;;;
BE9_ADJ;Murtag;;;;;
CA1;Leyawiin;;;;;
CA1_ADJ;Leyawiinan;;;;;
HE7;No'halla;;;;;
HE7_ADJ;No'hallan;;;;;
SE0;Tanzelwil;;;;;
SE0_ADJ;Tanzelwil;;;;;
MB9;Zabamat;;;;;
MB9_ADJ;Zabamati;;;;;
DB4;Gurvohuld Tribe;;;;;
DB4_ADJ;Gurvohuldab;;;;;
PA3;Secula;;;;;
PA3_ADJ;Seculan;;;;;
CC5;Niryastare;;;;;
CC5_ADJ;Niryastarean;;;;;
HEA;Heartlands;;;;;
HEA_ADJ;Central;;;;;
MB4;Ind Oril;;;;;
MB4_ADJ;Ind Orillan;;;;;
TPL;Topalia;;;;;
TPL_ADJ;Topalian;;;;;
RA1;Silent City;;;;;
RA1_ADJ;Silent;;;;;
CB1;Silorn;;;;;
CB1_ADJ;Silornan;;;;;
MC6;Reich Parkeep;;;;;
MC6_ADJ;Reich;;;;;
MG6;Nchuleft;;;;;
MG6_ADJ;Nchuleftan;;;;;
VLW;Valenwood;;;;;
VLW_ADJ;Valenwood;;;;;
ANE;Anequina;;;;;
ANE_ADJ;Anequinan;;;;;
EC4;Hakoshae;;;;;
EC4_ADJ;Hakoshaen;;;;;
MJ2;Tel Mora;;;;;
MJ2_ADJ;Tel Moran;;;;;
KA4;Toorfolein;;;;;
KA4_ADJ;Toorfoleinian;;;;;
JA2;Koda;;;;;
JA2_ADJ;Kodan;;;;;
MJ3;Arkngthand;;;;;
MJ3_ADJ;Arkngthandan;;;;;
AD8;Meerhleel Tribe;;;;;
AD8_ADJ;Alten Meerhleelan;;;;;
LB2;Daedroth Larder;;;;;
LB2_ADJ;Daedroth;;;;;
YB2;Zarthos;;;;;
YB2_ADJ;Zarthosian;;;;;
CH2;Tor Larsius;;;;;
CH2_ADJ;Larsius;;;;;
KEP;Forest Kingdom;;;;;
KEP_ADJ;Forest;;;;;
NC5;Eagleseer Clan;;;;;
NC5_ADJ;Eagleseer;;;;;
ORM;Orma;;;;;
ORM_ADJ;Orman;;;;;
LA9;The Chasm;;;;;
LA9_ADJ;Chasm;;;;;
VA9;Cormount;;;;;
VA9_ADJ;Cormount;;;;;
HC7;Bangkorai;;;;;
HC7_ADJ;Bangkoraian;;;;;
NC0;Volskygge;;;;;
NC0_ADJ;Volskyggen;;;;;
YC7;Akos Kasaz;;;;;
YC7_ADJ;Akos Kasazan;;;;;
UPP;Upper Akavir;;;;;
UPP_ADJ;Akaviri;;;;;
HF0;Saintsport;;;;;
HF0_ADJ;Saintsport;;;;;
NF1;Rorikstead;;;;;
NF1_ADJ;Roriksteadan;;;;;
ME5;Dres;;;;;
ME5_ADJ;Dres;;;;;
AD7;Ghost People Tribe;;;;;
AD7_ADJ;Ghost People;;;;;
UA6;Ozuith;;;;;
UA6_ADJ;Ozuithan;;;;;
NE7;Kjestag;;;;;
NE7_ADJ;Kjestagan;;;;;
AA8;Lilmoth;;;;;
AA8_ADJ;Lilmothiit;;;;;
MB3;Chunzefk;;;;;
MB3_ADJ;Chunzefk;;;;;
DE4;Gunder Tribe;;;;;
DE4_ADJ;Gunderan;;;;;
PA4;Abbarbas;;;;;
PA4_ADJ;Abbarbassan;;;;;
MI3;Velothis Haven;;;;;
MI3_ADJ;Velothis;;;;;
IA5;Fobaut;;;;;
IA5_ADJ;Fobautian;;;;;
BD2;Daenia;;;;;
BD2_ADJ;Daenian;;;;;
KA1;Wuthwahl;;;;;
KA1_ADJ;Wuthwahlan;;;;;
MF7;Man-Llu;;;;;
MF7_ADJ;Man-Lluan;;;;;
GEA;Tribe of Giants;;;;;
GEA_ADJ;Giant;;;;;
YC4;Moni;;;;;
YC4_ADJ;Monian;;;;;
DB1;Crane Shore Tribe;;;;;
DB1_ADJ;Crane;;;;;
ME3;Ald Iuval;;;;;
ME3_ADJ;Ald Iuval;;;;;
JB2;Ban'ma;;;;;
JB2_ADJ;Ban'man;;;;;
MA3;Raled-Makei;;;;;
MA3_ADJ;Raled-Makeian;;;;;
SE6;Toothmaul Tribe;;;;;
SE6_ADJ;Toothmaul Tribe;;;;;
NF2;Valtheim;;;;;
NF2_ADJ;Valtheim;;;;;
VD4;Twyllvarlais;;;;;
VD4_ADJ;Twyllvarlais;;;;;
BB4;Phrygias;;;;;
BB4_ADJ;Phrygiasan;;;;;
VB4;Lhurgash Clan;;;;;
VB4_ADJ;Lhurgash;;;;;
YA6;Kiada;;;;;
YA6_ADJ;Kiadan;;;;;
PA2;Banta;;;;;
PA2_ADJ;Bantan;;;;;
PYA;Pyandonea;;;;;
PYA_ADJ;Pyandonean;;;;;
CH4;New Galad;;;;;
CH4_ADJ;New Galadan;;;;;
MG7;Tel Aruhn;;;;;
MG7_ADJ;Tel Aruhn;;;;;
SA2;Kingshaven;;;;;
SA2_ADJ;Kingshavener;;;;;
OGR;Ogre Gathering;;;;;
OGR_ADJ;Ogre;;;;;
LA7;Revelry Manor;;;;;
LA7_ADJ;Revelry;;;;;
TA8;Eoryuesci;;;;;
TA8_ADJ;Eoryuescian;;;;;
WA1;Gonfalon;;;;;
WA1_ADJ;Gonfalonan;;;;;
YB6;Totambu;;;;;
YB6_ADJ;Totambun;;;;;
WA7;Y'ffelon;;;;;
WA7_ADJ;Y'ffelonan;;;;;
NG0;Dawnguard;;;;;
NG0_ADJ;Dawnguardian;;;;;
BD5;Portdun;;;;;
BD5_ADJ;Portdun;;;;;
JA9;Ban'ka;;;;;
JA9_ADJ;Ban'kan;;;;;
BC0;Crosswych;;;;;
BC0_ADJ;Crosswych;;;;;
NE8;Guldun Camp;;;;;
NE8_ADJ;Guldun;;;;;
AYL;Ayleid Domain;;;;;
AYL_ADJ;Ayleid;;;;;
CTN;Cathnoquey;;;;;
CTN_ADJ;Cathnoqueyan;;;;;
NA9;Dawnstar;;;;;
NA9_ADJ;Dawnstarish;;;;;
AC3;Xul-Thuxis Tribe;;;;;
AC3_ADJ;Xul-Thuxisian;;;;;
SB3;Felballin;;;;;
SB3_ADJ;Felballinan;;;;;
DB2;Jylkurfyk;;;;;
DB2_ADJ;Jylkurfykan;;;;;
HC9;Skyreach;;;;;
HC9_ADJ;Skyreach;;;;;
DRA;Dragon Cult;;;;;
DRA_ADJ;Draconic;;;;;
AA4;Gideon Tribe;;;;;
AA4_ADJ;Gidean;;;;;
NE6;Korvanjund;;;;;
NE6_ADJ;Korvanjundan;;;;;
LB1;Lost Fleet;;;;;
LB1_ADJ;Lost;;;;;
PA1;Tiguna;;;;;
PA1_ADJ;Tigunan;;;;;
RB2;Bthang;;;;;
RB2_ADJ;Bthangan;;;;;
SC0;Dusk;;;;;
SC0_ADJ;Dusker;;;;;
SEA;Tribe of Sea Giants;;;;;
SEA_ADJ;Sea Giant;;;;;
KHE;Kherso;;;;;
KHE_ADJ;Khersoan;;;;;
VD8;Mauloch Clan;;;;;
VD8_ADJ;Mauloch;;;;;
NF9;Avanchnzel;;;;;
NF9_ADJ;Avanchnzelian;;;;;
SB8;Belport;;;;;
SB8_ADJ;Belport;;;;;
HH5;Drangsgate;;;;;
HH5_ADJ;Drangsgate;;;;;
KA3;Odpindaar;;;;;
KA3_ADJ;Odpindaaran;;;;;
CA7;Kvatch;;;;;
CA7_ADJ;Kvatchian;;;;;
VB1;Greenheart;;;;;
VB1_ADJ;Greenheart;;;;;
RA7;Dusktown;;;;;
RA7_ADJ;Dusktown;;;;;
EC3;Rimmen;;;;;
EC3_ADJ;Rimmen;;;;;
AA5;Soulrest;;;;;
AA5_ADJ;Soulrest;;;;;
LA2;The Orchard;;;;;
LA2_ADJ;Orchard;;;;;
ROU;Clan Rourken;;;;;
ROU_ADJ;Rourkenid;;;;;
LAM;Lamian Nest;;;;;
LAM_ADJ;Lamian;;;;;
DA1;Forelgrim;;;;;
DA1_ADJ;Forelgriman;;;;;
HG8;Danobia;;;;;
HG8_ADJ;Danobian;;;;;
BA6;White Haven;;;;;
BA6_ADJ;White;;;;;
COD;Coldharbour;;;;;
COD_ADJ;Coldharbour;;;;;
AA9;River Bridge Tribe;;;;;
AA9_ADJ;Riverbridge;;;;;
HG5;Varlaisvea;;;;;
HG5_ADJ;Varlaisvean;;;;;
KA2;Jerbronheim;;;;;
KA2_ADJ;Jerbronheiman;;;;;
MJ0;Nchardak;;;;;
MJ0_ADJ;Nchardakan;;;;;
OB8;Kaexi;;;;;
OB8_ADJ;Kaexian;;;;;
CC9;Nonungalo;;;;;
CC9_ADJ;Nonungaloan;;;;;
IA9;Tedis;;;;;
IA9_ADJ;Tedisian;;;;;
PER;Perena;;;;;
PER_ADJ;Perenan;;;;;
IA6;Luimant;;;;;
IA6_ADJ;Luimantian;;;;;
MF1;Mantashpi;;;;;
MF1_ADJ;Mantashpi;;;;;
CG3;Morahame;;;;;
CG3_ADJ;Morahamen;;;;;
PB7;Roa;;;;;
PB7_ADJ;Roan;;;;;
RA4;Nchuthnkarst;;;;;
RA4_ADJ;Nchuthnkarstan;;;;;
BA2;Betony;;;;;
BA2_ADJ;Betony;;;;;
BB0;Tumnosh Clan;;;;;
BB0_ADJ;Tumnoshian;;;;;
EA7;Darvulk;;;;;
EA7_ADJ;Darvulkan;;;;;
SE5;Coral-Splitter Tribe;;;;;
SE5_ADJ;Coral-Splitter Tribe;;;;;
VA5;Deepwoods;;;;;
VA5_ADJ;Deepwood;;;;;
VAU;Valus Mountains;;;;;
VAU_ADJ;Valar;;;;;
PB4;Arcantys;;;;;
PB4_ADJ;Arcantysian;;;;;
NB7;Forgotten Vale;;;;;
NB7_ADJ;Forgotten Vale;;;;;
HF2;Leki's Blade;;;;;
HF2_ADJ;Leki's;;;;;
IB1;Temi;;;;;
IB1_ADJ;Temian;;;;;
OA4;Kawan;;;;;
OA4_ADJ;Kawanian;;;;;
SD6;Sir-Var-Woad;;;;;
SD6_ADJ;Sir-Var-Woadan;;;;;
MC8;Silgrad;;;;;
MC8_ADJ;Silgrad;;;;;
SA9;Croddlehurst;;;;;
SA9_ADJ;Croddlehurster;;;;;
SC1;Dawnbreak;;;;;
SC1_ADJ;Dawnbreaker;;;;;
MH3;Red'Aruhn;;;;;
MH3_ADJ;Red'Aruhnan;;;;;
MD5;Balmora;;;;;
MD5_ADJ;Balmoran;;;;;
MG1;Nchazdrumn;;;;;
MG1_ADJ;Nchazdrumn;;;;;
SC7;Karnwasten;;;;;
SC7_ADJ;Karnwasten;;;;;
AF4;Ca-Uxith Tribe;;;;;
AF4_ADJ;Ca-Uxith;;;;;
UB5;Quothvith;;;;;
UB5_ADJ;Quothvithan;;;;;
CG2;Sancre Tor;;;;;
CG2_ADJ;Sancrean;;;;;
AC2;Xuat-Matun Tribe;;;;;
AC2_ADJ;Xuat-Matun;;;;;
CE1;Moranda;;;;;
CE1_ADJ;Morandan;;;;;
NG3;Secunda's Kiss Camp;;;;;
NG3_ADJ;Secunda's Kiss;;;;;
MC1;Molag Mar;;;;;
MC1_ADJ;Molag Maran;;;;;
CC3;Gottshaw;;;;;
CC3_ADJ;Gottshawan;;;;;
AB6;Vos-Uxith Tribe;;;;;
AB6_ADJ;Vos-Uxithan;;;;;
CC2;Brina Cross;;;;;
CC2_ADJ;Brinan;;;;;
RA9;The Scraps;;;;;
RA9_ADJ;Scrap;;;;;
MI7;Hlormaren;;;;;
MI7_ADJ;Hlormaren;;;;;
CG7;Sardavar Leed;;;;;
CG7_ADJ;Sardavar;;;;;
MH5;Urshilaku;;;;;
MH5_ADJ;Urshilakun;;;;;
MAL;Malabal Tor;;;;;
MAL_ADJ;Malabal Torian;;;;;
ESK;Great Eastmarch;;;;;
ESK_ADJ;East Nordic;;;;;
YC6;Vathi;;;;;
YC6_ADJ;Vathian;;;;;
NA3;Windhelm;;;;;
NA3_ADJ;Eastmarcher;;;;;
LB0;Contempt Court;;;;;
LB0_ADJ;Contempt;;;;;
MI0;Draloris;;;;;
MI0_ADJ;Dralorisan;;;;;
EA6;Scar's Edge;;;;;
EA6_ADJ;Scar's;;;;;
AA3;Mud Tree Tribe;;;;;
AA3_ADJ;Mud Tree;;;;;
CA9;Anvil;;;;;
CA9_ADJ;Anvillian;;;;;
MH7;Hainterari;;;;;
MH7_ADJ;Hainterarian;;;;;
MIT;Minotaur Tribe;;;;;
MIT_ADJ;Minotauric;;;;;
MF2;Vereansu;;;;;
MF2_ADJ;Vereansuan;;;;;
SD9;Quendeluun;;;;;
SD9_ADJ;Quendeluun;;;;;
BC7;Northpoint;;;;;
BC7_ADJ;Northern;;;;;
POE;Akaviri Potentate;;;;;
POE_ADJ;Akaviri;;;;;
UB2;Zuinith;;;;;
UB2_ADJ;Zuinithan;;;;;
GOB;Goblin Gathering;;;;;
GOB_ADJ;Goblin;;;;;
DC1;Drakar of Nevrass;;;;;
DC1_ADJ;Nevrassian;;;;;
HB2;Rkhardahrk;;;;;
HB2_ADJ;Rkhardahrkan;;;;;
HE2;Abibon-Gora;;;;;
HE2_ADJ;Abibon-Goran;;;;;
AD1;Nagmareen Tribe;;;;;
AD1_ADJ;Nagmareenan;;;;;
OC0;Moexi;;;;;
OC0_ADJ;Moexian;;;;;
UA4;Szosuinith;;;;;
UA4_ADJ;Szosuinithan;;;;;
UB4;Yaonith;;;;;
UB4_ADJ;Yaonithan;;;;;
MD8;Ashurnasaddas;;;;;
MD8_ADJ;Ashurnasaddasi;;;;;
YC5;Makan;;;;;
YC5_ADJ;Makanan;;;;;
ME8;Bthanual;;;;;
ME8_ADJ;Bthanualan;;;;;
BSA;Barsaebic Ayleids;;;;;
BSA_ADJ;Barsaebic;;;;;
HC4;Nalagash;;;;;
HC4_ADJ;Nalagashan;;;;;
HF9;Bthzark;;;;;
HF9_ADJ;Bthzarkan;;;;;
MD2;Hla Oad;;;;;
MD2_ADJ;Hla Oad;;;;;
VD2;Abamath;;;;;
VD2_ADJ;Abamathi;;;;;
AF1;Moss-Skins Tribe;;;;;
AF1_ADJ;Moss-Skins;;;;;
YC0;Kanesh;;;;;
YC0_ADJ;Kaneshan;;;;;
RAA;Ra'athim;;;;;
RAA_ADJ;Ra'athim;;;;;
CJ0;Weatherleah;;;;;
CJ0_ADJ;Weatherleahan;;;;;
DB9;Hallstein Tribe;;;;;
DB9_ADJ;Hallsteinan;;;;;
KME;Kmeiine;;;;;
KME_ADJ;Kmeiinean;;;;;
ARG;Argonia;;;;;
ARG_ADJ;Argonian;;;;;
BA1;Daggerfall;;;;;
BA1_ADJ;Daggerfaller;;;;;
BC5;Shornhelm;;;;;
BC5_ADJ;Shornhelmer;;;;;
AF3;Nefesareeth Tribe;;;;;
AF3_ADJ;Nefesareeth;;;;;
SB2;Firsthold;;;;;
SB2_ADJ;Firstholder;;;;;
SA1;Lillandril;;;;;
SA1_ADJ;Lillandrillan;;;;;
RA3;Greymoor Keep;;;;;
RA3_ADJ;Greymoor;;;;;
LB8;Scamp Nest;;;;;
LB8_ADJ;Scamp;;;;;
NA5;Ivarstead;;;;;
NA5_ADJ;Ivarstead;;;;;
AD6;Blackrose;;;;;
AD6_ADJ;Blackrose;;;;;
BE0;Karthgran;;;;;
BE0_ADJ;Karthgran;;;;;
NC3;River-Elk Clan;;;;;
NC3_ADJ;River-Elk;;;;;
OC3;Mohax;;;;;
OC3_ADJ;Mohaxan;;;;;
HE6;Shady Grove;;;;;
HE6_ADJ;Shady;;;;;
REO;House Redoran;;;;;
REO_ADJ;Redoran;;;;;
MJ6;Maar Gan;;;;;
MJ6_ADJ;Maar Gan;;;;;
NB0;Mzark;;;;;
NB0_ADJ;Mzarkan;;;;;
BA4;Camlorn;;;;;
BA4_ADJ;Camlorn;;;;;
NE0;Stonehills;;;;;
NE0_ADJ;Stonehill;;;;;
AC5;Baka Forest Tribe;;;;;
AC5_ADJ;Baka Forest;;;;;
MF0;Ulath;;;;;
MF0_ADJ;Ulathi;;;;;
NOR;Nordic Coast;;;;;
NOR_ADJ;Nordic;;;;;
NF7;Bthalft;;;;;
NF7_ADJ;Bthalftan;;;;;
DA4;Vandrad;;;;;
DA4_ADJ;Vandradan;;;;;
LB4;Spinners of Lies;;;;;
LB4_ADJ;Spinner;;;;;
AE2;White Rose Tribe;;;;;
AE2_ADJ;Marzhan;;;;;
CF8;Mackamentain;;;;;
CF8_ADJ;Mackamentainan;;;;;
EC5;Rawl'kha;;;;;
EC5_ADJ;Rawl'khan;;;;;
OA9;Kabuto;;;;;
OA9_ADJ;Kabutoan;;;;;
PB3;Humbled;;;;;
PB3_ADJ;Humbled;;;;;
PAA;Paatru State;;;;;
PAA_ADJ;Paatru;;;;;
XIV;Xivilai's Clan;;;;;
XIV_ADJ;Xivilai;;;;;
RA6;Mzumz;;;;;
RA6_ADJ;Mzumzian;;;;;
SOT;Sotha;;;;;
SOT_ADJ;Sothan;;;;;
EB0;Hem'thar;;;;;
EB0_ADJ;Hem'tharan;;;;;
SPI;Perthan Clan;;;;;
SPI_ADJ;Perthan;;;;;
GOR;Twyllbek;;;;;
GOR_ADJ;Twyllbekan;;;;;
HA3;Belkarth;;;;;
HA3_ADJ;Belkarthian;;;;;
PA9;Ritina;;;;;
PA9_ADJ;Ritinan;;;;;
TA1;Umsiuesci;;;;;
TA1_ADJ;Umsiuescian;;;;;
IB2;Amphilio;;;;;
IB2_ADJ;Amphilian;;;;;
RIF;Rift;;;;;
RIF_ADJ;Riftish;;;;;
AB3;Bright-Throat Tribe;;;;;
AB3_ADJ;Bright-Throat;;;;;
TA5;Tzuosci;;;;;
TA5_ADJ;Tzuoscian;;;;;
MB2;Ulannanit;;;;;
MB2_ADJ;Ulannanit;;;;;
PEL;Pelletine;;;;;
PEL_ADJ;Pelletinian;;;;;
OC1;Nanexi;;;;;
OC1_ADJ;Nanexian;;;;;
AC9;Markmont Tribe;;;;;
AC9_ADJ;Alten Markmontan;;;;;
VA6;Elden Root;;;;;
VA6_ADJ;Elden Root;;;;;
SC2;Augury;;;;;
SC2_ADJ;Karnstern;;;;;
BLC;Black Marsh;;;;;
BLC_ADJ;Black Marsh;;;;;
YA2;Ravan;;;;;
YA2_ADJ;Ravanian;;;;;
BD3;Northmoor;;;;;
BD3_ADJ;Northmoor;;;;;
WB0;Gar-Lyg;;;;;
WB0_ADJ;Gar-Lygan;;;;;
UA3;Yamanith;;;;;
UA3_ADJ;Yamanithan;;;;;
ORD;Alessian Order;;;;;
ORD_ADJ;Alessian;;;;;
HA1;Rihad;;;;;
HA1_ADJ;Rihadian;;;;;
YC8;Nalonga;;;;;
YC8_ADJ;Nalongan;;;;;
YA4;Kardesh;;;;;
YA4_ADJ;Kardeshan;;;;;
CG1;Nenalata;;;;;
CG1_ADJ;Nenalatan;;;;;
HH3;Cragkarth;;;;;
HH3_ADJ;Cragkarth;;;;;
SD3;Eldbur;;;;;
SD3_ADJ;Eldburan;;;;;
CB7;Anutwyll;;;;;
CB7_ADJ;Anutwyllian;;;;;
CD2;Narfinsel;;;;;
CD2_ADJ;Narfinsellan;;;;;
MH6;Selfora;;;;;
MH6_ADJ;Selforan;;;;;
CH7;Silver Peaks;;;;;
CH7_ADJ;Silver;;;;;
ME1;Mzarfth;;;;;
ME1_ADJ;Mzarfth;;;;;
MF8;Andasreth;;;;;
MF8_ADJ;Andasrethi;;;;;
MJ4;Nchardumz;;;;;
MJ4_ADJ;Nchardumzan;;;;;
OA7;Dar'mha;;;;;
OA7_ADJ;Dar'mhan;;;;;
AD2;Keerare Tribe;;;;;
AD2_ADJ;Keeraren;;;;;
DAE;Daedroth's Clan;;;;;
DAE_ADJ;Daedroth;;;;;
AD4;Milaaza Tribe;;;;;
AD4_ADJ;Milaazan;;;;;
CC1;Garlas Malatar;;;;;
CC1_ADJ;Malatar;;;;;
AA2;Storm Tribe;;;;;
AA2_ADJ;Stormer;;;;;
TRA;Transakavir;;;;;
TRA_ADJ;Transakaviri;;;;;
MC9;Assardidairan;;;;;
MC9_ADJ;Assardidairani;;;;;
DB7;Knetsiag;;;;;
DB7_ADJ;Knetsiagan;;;;;
DEA;Deadlands;;;;;
DEA_ADJ;Deadlander;;;;;
HLA;House Hlaalu;;;;;
HLA_ADJ;Hlaalu;;;;;
VOL;Volkihar Clan;;;;;
VOL_ADJ;Volkiharish;;;;;
HD4;Gilane;;;;;
HD4_ADJ;Gilanean;;;;;
NC7;Six-Ford Clan;;;;;
NC7_ADJ;Six-Ford;;;;;
OA5;Kalipa;;;;;
OA5_ADJ;Kalipan;;;;;
TA2;Versaduesci;;;;;
TA2_ADJ;Versaduescian;;;;;
HAP;Hapsleet State;;;;;
HAP_ADJ;Hapsleet;;;;;
JB1;Fo;;;;;
JB1_ADJ;Foan;;;;;
VEO;Velothi Exodus;;;;;
VEO_ADJ;Velothi Exodus;;;;;
COV;Daggerfall Covenant;;;;;
COV_ADJ;Daggerfall;;;;;
AE8;Loriasel;;;;;
AE8_ADJ;Loriaseli;;;;;
HOH;Order of the Hour;;;;;
HOH_ADJ;Temporal;;;;;
MD0;Leftunch;;;;;
MD0_ADJ;Leftunchan;;;;;
MA9;Hla Lu;;;;;
MA9_ADJ;Hla Luan;;;;;
IA2;Hipaux;;;;;
IA2_ADJ;Hipauxian;;;;;
LB6;Deathbringer Clan;;;;;
LB6_ADJ;Deathbringer;;;;;
DOM;Aldmeri Dominion;;;;;
DOM_ADJ;Aldmeri;;;;;
CB8;Imperial City;;;;;
CB8_ADJ;Imperial;;;;;
TA4;Saviriesci;;;;;
TA4_ADJ;Saviriescian;;;;;
AUR;Auridon;;;;;
AUR_ADJ;Auridonian;;;;;
MD1;Omaynis;;;;;
MD1_ADJ;Omaynisan;;;;;
MJ5;Arkngthunch-Sturdumz;;;;;
MJ5_ADJ;Arkngthunch-Sturdumzan;;;;;
MI9;Dag'od;;;;;
MI9_ADJ;Dag'odan;;;;;
NC6;Old Hroldan;;;;;
NC6_ADJ;Hroldan;;;;;
HB3;Sentinel;;;;;
HB3_ADJ;Sentinel;;;;;
MG9;Tel Fyr;;;;;
MG9_ADJ;Tel Fyran;;;;;
OB4;Shanexi;;;;;
OB4_ADJ;Shanexian;;;;;
HRS;Horsemen Tribes;;;;;
HRS_ADJ;Horsemen;;;;;
MK1;Helnim;;;;;
MK1_ADJ;Helnim;;;;;
OC5;Po'hax;;;;;
OC5_ADJ;Po'haxan;;;;;
VC7;Bramblebreach;;;;;
VC7_ADJ;Bramblebreach;;;;;
CC0;Vlastarus;;;;;
CC0_ADJ;Vlastarussan;;;;;
CJ8;Skull Breaker Tribe;;;;;
CJ8_ADJ;Skull Breaker;;;;;
TAN;Tang Mo;;;;;
TAN_ADJ;Tang Mo;;;;;
SC6;The Sapiarchs;;;;;
SC6_ADJ;Sapiarch;;;;;
NAG;Nagan State;;;;;
NAG_ADJ;Nagan;;;;;
MC2;Tel Branora;;;;;
MC2_ADJ;Tel Branoran;;;;;
YB4;Orinada;;;;;
YB4_ADJ;Orinadan;;;;;
WRO;Wrothgar;;;;;
WRO_ADJ;Wrothgarian;;;;;
CHI;Great Houses of Veloth;;;;;
CHI_ADJ;Great House;;;;;
GGB;Giant Goblin Gathering;;;;;
GGB_ADJ;Giant Goblin;;;;;
KA7;Kamala;;;;;
KA7_ADJ;Kamalan;;;;;
MC7;Kogobthar;;;;;
MC7_ADJ;Kogobtharan;;;;;
EC7;Willowgrove;;;;;
EC7_ADJ;Willowgroven;;;;;
AB9;Murkwater Tribe;;;;;
AB9_ADJ;Murkwater;;;;;
YA7;Klithi;;;;;
YA7_ADJ;Klithian;;;;;
BD7;Murcien;;;;;
BD7_ADJ;Murcien;;;;;
ELS;Elsweyr;;;;;
ELS_ADJ;Elsweyri;;;;;
EB8;Alabaster;;;;;
EB8_ADJ;Alabasteran;;;;;
NIB;Nibenay;;;;;
NIB_ADJ;Nibenian;;;;;
HF5;Reinhold;;;;;
HF5_ADJ;Reinholder;;;;;
IB4;Monheld;;;;;
IB4_ADJ;Monhelder;;;;;
HE3;Sunkeep;;;;;
HE3_ADJ;Sunkeeper;;;;;
MD7;Galom Daeus;;;;;
MD7_ADJ;Galom Daeus;;;;;
VD7;Belarata;;;;;
VD7_ADJ;Belaratan;;;;;
KAM;Aldmeris;;;;;
KAM_ADJ;Aldmeri;;;;;
ND1;Thornroot Clan;;;;;
ND1_ADJ;Thornroot;;;;;
ND9;Kynesgrove;;;;;
ND9_ADJ;Kynesgrove;;;;;
BC8;Wayrest;;;;;
BC8_ADJ;Wayrest;;;;;
AC4;Su-Zahleel Tribe;;;;;
AC4_ADJ;Su-Zahleel;;;;;
SHA;Shadowfen;;;;;
SHA_ADJ;Shadowfen;;;;;
CC4;Trumbe;;;;;
CC4_ADJ;Trumbean;;;;;
SCA;Scamp Horde;;;;;
SCA_ADJ;Scamp;;;;;
AB0;Helstrom Tribe;;;;;
AB0_ADJ;Helstromer;;;;;
HG9;Skator Zordak;;;;;
HG9_ADJ;Skator Zordakan;;;;;
SB7;Ebon Stadmont;;;;;
SB7_ADJ;Ebon Stadmonter;;;;;
HAR;Harvester Assembly;;;;;
HAR_ADJ;Harvester;;;;;
MJ7;Valenvaryon;;;;;
MJ7_ADJ;Valenvaryon;;;;;
CE0;Lipsand Tarn;;;;;
CE0_ADJ;Tarnian;;;;;
SA6;Alinor;;;;;
SA6_ADJ;Alinoran;;;;;
MC4;Mkalzand;;;;;
MC4_ADJ;Mkalzandan;;;;;
HC2;Dal'khabnash;;;;;
HC2_ADJ;Dal'khabnashan;;;;;
VC1;Longhaven;;;;;
VC1_ADJ;Longhavener;;;;;
AB8;Hissmir Tribe;;;;;
AB8_ADJ;Hissmiran;;;;;
EA5;Orcrest;;;;;
EA5_ADJ;Orcrestian;;;;;
HB6;Riverpoint;;;;;
HB6_ADJ;Riverpoint;;;;;
GA4;Firescourge Clan;;;;;
GA4_ADJ;Firescourge;;;;;
JB0;Kita;;;;;
JB0_ADJ;Kitan;;;;;
DAG;House Dagoth;;;;;
DAG_ADJ;Dagoth;;;;;
DE5;Stonvaal;;;;;
DE5_ADJ;Stonvaalan;;;;;
IA8;Black Harbor;;;;;
IA8_ADJ;Black Harbor;;;;;
HE9;Lainebon;;;;;
HE9_ADJ;Lainebon;;;;;
WA6;Coral Cliffs;;;;;
WA6_ADJ;Coral;;;;;
WSK;Great Haafingar;;;;;
WSK_ADJ;West Nordic;;;;;
OB2;Pochuan;;;;;
OB2_ADJ;Pochuanian;;;;;
SAL;Salothan;;;;;
SAL_ADJ;Salothan;;;;;
VC4;Tanglehaven;;;;;
VC4_ADJ;Tanglehavener;;;;;
VC5;Bloodtoil;;;;;
VC5_ADJ;Bloodtoil;;;;;
CD5;Odiil;;;;;
CD5_ADJ;Odiilan;;;;;
HG1;Flint-Tooth Tribe;;;;;
HG1_ADJ;Flint-Tooth;;;;;
MB1;Almu;;;;;
MB1_ADJ;Almuan;;;;;
EC0;Black Heights;;;;;
EC0_ADJ;Black;;;;;
MF9;Zainab;;;;;
MF9_ADJ;Zainaban;;;;;
SD0;Shattered Grove;;;;;
SD0_ADJ;Shattered;;;;;
HC1;Corten Mont;;;;;
HC1_ADJ;Corten;;;;;
NG7;Rifton;;;;;
NG7_ADJ;Rifton;;;;;
DA2;Arnthrud;;;;;
DA2_ADJ;Arnthrudian;;;;;
NF0;Sleeping Tree Camp;;;;;
NF0_ADJ;Sleeping Tree;;;;;
DB3;Hrodgeir;;;;;
DB3_ADJ;Hrodgeiran;;;;;
TRI;The Tribunal;;;;;
TRI_ADJ;Tribunal;;;;;
COL;Colovia;;;;;
COL_ADJ;Colovian;;;;;
SD1;Tor-Hame-Khard;;;;;
SD1_ADJ;Tor-Hame-Khardan;;;;;
GA9;Annihilarch's Wrath;;;;;
GA9_ADJ;Annihilarch's;;;;;
OB5;Tunexi;;;;;
OB5_ADJ;Tunexian;;;;;
SA5;Vulkhel;;;;;
SA5_ADJ;Vulkhel;;;;;
IB5;Quey;;;;;
IB5_ADJ;Queyan;;;;;
CE6;Brindle Home;;;;;
CE6_ADJ;Brindle;;;;;
NCH;Nchuand-Zel;;;;;
NCH_ADJ;Nchuand-Zelian;;;;;
REA;Reach;;;;;
REA_ADJ;Reachman;;;;;
SHI;Shivering Islands;;;;;
SHI_ADJ;Shivering;;;;;
SD5;Isque;;;;;
SD5_ADJ;Isquen;;;;;
BB1;Bagrakh Clan;;;;;
BB1_ADJ;Bagrakhan;;;;;
RA2;Arkthzand;;;;;
RA2_ADJ;Arkthzandian;;;;;
SAR;Sarpan State;;;;;
SAR_ADJ;Sarpan;;;;;
CH5;Rose Gate;;;;;
CH5_ADJ;Rose;;;;;
IB0;Tanacetum;;;;;
IB0_ADJ;Tanacetuman;;;;;
NC9;Largashbur;;;;;
NC9_ADJ;Largashburan;;;;;
ND0;Blackdrake Clan;;;;;
ND0_ADJ;Blackdrake;;;;;
PA7;Velu;;;;;
PA7_ADJ;Veluan;;;;;
ME9;Sul;;;;;
ME9_ADJ;Sulan;;;;;
HIG;High Rock;;;;;
HIG_ADJ;High Rockish;;;;;
ISL;Spice Islands;;;;;
ISL_ADJ;Spice Island;;;;;
OA6;Dao;;;;;
OA6_ADJ;Daon;;;;;
DD3;Avnacrea Tribe;;;;;
DD3_ADJ;Avnacrean;;;;;
DRM;Dremoran Hierarchy;;;;;
DRM_ADJ;Dremoran;;;;;
CB6;Bruma;;;;;
CB6_ADJ;Bruman;;;;;
HE8;Stendarr's Crossroad;;;;;
HE8_ADJ;Stendarr's;;;;;
BB9;Dwynnen;;;;;
BB9_ADJ;Dwynnen;;;;;
HA2;Stonemoor;;;;;
HA2_ADJ;Stonemoor;;;;;
BE4;Enduum;;;;;
BE4_ADJ;Enduum;;;;;
VD5;Moonmont;;;;;
VD5_ADJ;Moonmont;;;;;
CH6;Port Rumare;;;;;
CH6_ADJ;Rumaran;;;;;
CB2;Nornalhorst;;;;;
CB2_ADJ;Nornalhorst;;;;;
EA3;Sunspire;;;;;
EA3_ADJ;Sunspire;;;;;
CH3;Wolf Hill;;;;;
CH3_ADJ;Wolf;;;;;
ED3;Silver Dawn;;;;;
ED3_ADJ;Silver;;;;;
MG8;Nchuleftingth;;;;;
MG8_ADJ;Nchuleftingthan;;;;;
MI1;Clan Malacathi;;;;;
MI1_ADJ;Malacathi;;;;;
SNW;Snow Elves;;;;;
SNW_ADJ;Elven;;;;;
AB2;Root-Whisper Tribe;;;;;
AB2_ADJ;Root-Whisper;;;;;
WA9;Glimmertarn;;;;;
WA9_ADJ;Glimmertarnan;;;;;
AF2;Sul-Xan Tribe;;;;;
AF2_ADJ;Sul-Xan;;;;;
CA3;Bravil;;;;;
CA3_ADJ;Bravillian;;;;;
WA4;Tor Draioch;;;;;
WA4_ADJ;Draiochan;;;;;
POT;Po' Tun;;;;;
POT_ADJ;Po' Tunian;;;;;
YC2;Arranbu;;;;;
YC2_ADJ;Arranbuan;;;;;
LLO;Llothania;;;;;
LLO_ADJ;Llothanian;;;;;
ND2;Horn-Stride Clan;;;;;
ND2_ADJ;Horn-Stride;;;;;
EB5;Tenmar;;;;;
EB5_ADJ;Tenmaran;;;;;
MA5;Kragenmoor;;;;;
MA5_ADJ;Kragenmoor;;;;;
BC3;Rock-Breakers;;;;;
BC3_ADJ;Rock-Breaker;;;;;
HD8;Rkindaleft;;;;;
HD8_ADJ;Rkindaleftan;;;;;
VB8;Southpoint;;;;;
VB8_ADJ;Southpointer;;;;;
ED2;Do'Krin;;;;;
ED2_ADJ;Do'Krinan;;;;;
MG4;Kvazmunduncharz;;;;;
MG4_ADJ;Kvazmunduncharzi;;;;;
NA7;Shadefeather Clan;;;;;
NA7_ADJ;Shadefeather Clan;;;;;
NG2;Bleakwind Basin Camp;;;;;
NG2_ADJ;Bleakwind Basin;;;;;
UA2;Ishyunith;;;;;
UA2_ADJ;Ishyunithan;;;;;
VAM;United Vampire Duchies;;;;;
VAM_ADJ;Vampire;;;;;
HG0;Dogeater Tribe;;;;;
HG0_ADJ;Dogeater;;;;;
DA5;Holmfrid;;;;;
DA5_ADJ;Holmfridian;;;;;
GRE;Greenshade;;;;;
GRE_ADJ;Greenshade;;;;;
HF7;Molavar;;;;;
HF7_ADJ;Molavari;;;;;
AB7;Riverbacks Tribe;;;;;
AB7_ADJ;Riverbacks;;;;;
CF2;Fanacas;;;;;
CF2_ADJ;Fanacasian;;;;;
HE5;Abah's Landing;;;;;
HE5_ADJ;Abah's;;;;;
YB3;A'raei;;;;;
YB3_ADJ;A'raeian;;;;;
UB0;Chimnith;;;;;
UB0_ADJ;Chimnithan;;;;;
MI5;Erabenimsun;;;;;
MI5_ADJ;Erabenimsunan;;;;;
HB7;Kozanset;;;;;
HB7_ADJ;Kozansetan;;;;;
HA5;Dragonstar;;;;;
HA5_ADJ;Dragonstar;;;;;
WA5;Amenos;;;;;
WA5_ADJ;Amenosian;;;;;
SD4;Corgrad;;;;;
SD4_ADJ;Corgrad;;;;;
PA8;Vos;;;;;
PA8_ADJ;Vossan;;;;;
AE1;Archon;;;;;
AE1_ADJ;White;;;;;
BF1;Stonechewer Tribe;;;;;
BF1_ADJ;Stonechewer;;;;;
HD6;Volenfell;;;;;
HD6_ADJ;Volenfell;;;;;
AA1;Thorn Tribe;;;;;
AA1_ADJ;Thornish;;;;;
HC8;Shada;;;;;
HC8_ADJ;Shada's;;;;;
MH4;Rotheran;;;;;
MH4_ADJ;Rotheran;;;;;
GRH;Gray Host;;;;;
GRH_ADJ;Gray Host;;;;;
JA3;Tang Mo;;;;;
JA3_ADJ;Tang Moan;;;;;
DB6;Brudr;;;;;
DB6_ADJ;Brudran;;;;;
BF0;Bonesnap Tribe;;;;;
BF0_ADJ;Bonesnap;;;;;
DE0;Winter Walkers;;;;;
DE0_ADJ;Winter;;;;;
CF7;Hame;;;;;
CF7_ADJ;Hamean;;;;;
AE0;Xit-Xaht Tribe;;;;;
AE0_ADJ;Xit-Xaht;;;;;
HC0;Helland;;;;;
HC0_ADJ;Hellander;;;;;
MB0;Rapli;;;;;
MB0_ADJ;Raplian;;;;;
SKA;Skaals;;;;;
SKA_ADJ;Skaal;;;;;
MH9;Davon;;;;;
MH9_ADJ;Davon's;;;;;
BB5;Ykalon;;;;;
BB5_ADJ;Ykalonan;;;;;
EB1;Senchal;;;;;
EB1_ADJ;Senchalian;;;;;
WA2;Navire;;;;;
WA2_ADJ;Navirean;;;;;
ABE;Abeceanea;;;;;
ABE_ADJ;Abecean;;;;;
MD4;Ilurnubishpal;;;;;
MD4_ADJ;Ilurnubishpali;;;;;
ATM;Atmora;;;;;
ATM_ADJ;Atmoran;;;;;
DD6;Throgdriof Tribe;;;;;
DD6_ADJ;Throgdriofan;;;;;
SE3;Bewan;;;;;
SE3_ADJ;Bewan;;;;;
NA1;Riften;;;;;
NA1_ADJ;Riftish;;;;;
CH9;Cheydinhal;;;;;
CH9_ADJ;Cheydinhaller;;;;;
OB0;Biyu;;;;;
OB0_ADJ;Biyuan;;;;;
CB4;Ninendava;;;;;
CB4_ADJ;Ninendavan;;;;;
KA6;Maarkrod;;;;;
KA6_ADJ;Maarkrodian;;;;;
DC2;Yorru Tribe;;;;;
DC2_ADJ;Yorruan;;;;;
HF3;Nilata;;;;;
HF3_ADJ;Nilatan;;;;;
STA;Starkad;;;;;
STA_ADJ;Starkadian;;;;;
CE5;Sercen;;;;;
CE5_ADJ;Sercenan;;;;;
JA4;Bo;;;;;
JA4_ADJ;Boan;;;;;
MD9;Shashmassamsi;;;;;
MD9_ADJ;Shashmassamsi;;;;;
CYR;Cyrodiil;;;;;
CYR_ADJ;Cyrodiilic;;;;;
TA9;Izs;;;;;
TA9_ADJ;Izsan;;;;;
PA5;Etho Sul;;;;;
PA5_ADJ;Etho Sulan;;;;;
DES;Deshaan;;;;;
DES_ADJ;Deshaan;;;;;
IND;House Indoril;;;;;
IND_ADJ;Indoril;;;;;
DD5;Byrnjolf Tribe;;;;;
DD5_ADJ;Byrnjolfan;;;;;
CD0;Elenglynn;;;;;
CD0_ADJ;Elenglynnan;;;;;
NE3;Steamcrag Camp;;;;;
NE3_ADJ;Steamcrag;;;;;
NG6;Pengstead;;;;;
NG6_ADJ;Pengstead;;;;;
CJ4;Shardrock;;;;;
CJ4_ADJ;Shardrock;;;;;
MB5;Lasamsi;;;;;
MB5_ADJ;Lasamsian;;;;;
VB0;Cormeir;;;;;
VB0_ADJ;Cormeir;;;;;
SC4;Hollifel;;;;;
SC4_ADJ;Hollifellan;;;;;
SOU;Soul Shriven;;;;;
SOU_ADJ;Soul Shriven;;;;;
LB9;Library of Dusk;;;;;
LB9_ADJ;Dusk;;;;;
WIT;College of Winterhold;;;;;
WIT_ADJ;Collegean;;;;;
HRP;Harpy Flock;;;;;
HRP_ADJ;Harpy;;;;;
DC3;Styrbiorn Tribe;;;;;
DC3_ADJ;Styrbiornan;;;;;
HOW;Hollowfang Clan;;;;;
HOW_ADJ;Hollowfang;;;;;
CNT;Centaur Herd;;;;;
CNT_ADJ;Centaur;;;;;
MB7;Yahaz;;;;;
MB7_ADJ;Yahazi;;;;;
DD8;Thugibaf Tribe;;;;;
DD8_ADJ;Thugibafan;;;;;
CG9;Veyond;;;;;
CG9_ADJ;Veyondan;;;;;
EC6;Merryvale;;;;;
EC6_ADJ;Merryvalean;;;;;
SB5;Karndar;;;;;
SB5_ADJ;Karndar;;;;;
TA6;Eziduesci;;;;;
TA6_ADJ;Eziduescian;;;;;
AE6;Broken Tusk Tribe;;;;;
AE6_ADJ;Broken Tusk;;;;;
ND8;Alftand;;;;;
ND8_ADJ;Alftander;;;;;
YB5;Toramon;;;;;
YB5_ADJ;Toramonan;;;;;
MI4;Ahemmusa;;;;;
MI4_ADJ;Ahemmusan;;;;;
MI8;Caldera;;;;;
MI8_ADJ;Calderan;;;;;
VD6;Senalana;;;;;
VD6_ADJ;Senalanan;;;;;
TAE;Alessian Empire;;;;;
TAE_ADJ;Alessian;;;;;
CA5;Telepe;;;;;
CA5_ADJ;Telepean;;;;;
BA7;Shatul Clan;;;;;
BA7_ADJ;Shatulan;;;;;
VB9;Vulkwasten;;;;;
VB9_ADJ;Vulkwasten;;;;;
UA5;Beith;;;;;
UA5_ADJ;Beithan;;;;;
BC6;Alcaire;;;;;
BC6_ADJ;Alcairean;;;;;
CB9;Bawn;;;;;
CB9_ADJ;Bawnan;;;;;
CE4;Anga;;;;;
CE4_ADJ;Angan;;;;;
HA9;Ojwambu;;;;;
HA9_ADJ;Ojwambuan;;;;;
BA5;Morkul Clan;;;;;
BA5_ADJ;Morkulan;;;;;
DA6;Thadner;;;;;
DA6_ADJ;Thadneran;;;;;
NE2;Mzulft;;;;;
NE2_ADJ;Mzulftian;;;;;
BF3;Igron Clan;;;;;
BF3_ADJ;Igron;;;;;
OB6;Tsaexi;;;;;
OB6_ADJ;Tsaexian;;;;;
CA8;Vindasel;;;;;
CA8_ADJ;Vindasellian;;;;;
SIY;Silyanorn;;;;;
SIY_ADJ;Barsaebic;;;;;
ME0;Yansurnummu;;;;;
ME0_ADJ;Yansurnummuan;;;;;
JA7;Ko;;;;;
JA7_ADJ;Koan;;;;;
LIL;Lilmothiit Confederacy;;;;;
LIL_ADJ;Lilmothiiti;;;;;
CF9;Ondo;;;;;
CF9_ADJ;Ondoan;;;;;
HD5;Bergama;;;;;
HD5_ADJ;Bergaman;;;;;
VA4;Greenhill;;;;;
VA4_ADJ;Greenhillan;;;;;
VD0;Arenthia;;;;;
VD0_ADJ;Arenthian;;;;;
MA8;Mzankh;;;;;
MA8_ADJ;Mzankhan;;;;;
MG0;Kemel-Ze;;;;;
MG0_ADJ;Kemel-Zean;;;;;
ND5;Mzinchaleft;;;;;
ND5_ADJ;Mzinchaleftian;;;;;
SD8;Torinaan;;;;;
SD8_ADJ;Torinaan;;;;;
NA6;Falkreath;;;;;
NA6_ADJ;Falkreath;;;;;
PB8;Mantu;;;;;
PB8_ADJ;Mantuan;;;;;
EB3;Ver'karth;;;;;
EB3_ADJ;Ver'karthian;;;;;
NC8;Arkngthamz;;;;;
NC8_ADJ;Arkngthamzan;;;;;
YA8;Samara;;;;;
YA8_ADJ;Samaran;;;;;
KAA;Kaalda;;;;;
KAA_ADJ;Kaaldan;;;;;
ED1;Thormar;;;;;
ED1_ADJ;Thormaran;;;;;
JA1;Umpa;;;;;
JA1_ADJ;Umpan;;;;;
CD1;Wendir;;;;;
CD1_ADJ;Wendiran;;;;;
CC8;Talwinque;;;;;
CC8_ADJ;Talwinquean;;;;;
BE3;Moriseli;;;;;
BE3_ADJ;Moriselian;;;;;
EB9;Ne Salas;;;;;
EB9_ADJ;Salasan;;;;;
DRE;Ice Legion;;;;;
DRE_ADJ;Ice Legion;;;;;
OC7;Ohadhax;;;;;
OC7_ADJ;Ohadhaxan;;;;;
YB1;Thelora;;;;;
YB1_ADJ;Senelian;;;;;
COE;Corelanyan Clan;;;;;
COE_ADJ;Corelanyan;;;;;
HF1;Salas En;;;;;
HF1_ADJ;Salas En;;;;;
PB5;Pyrrahn;;;;;
PB5_ADJ;Pyrrahnian;;;;;
BE8;Seamount Clan;;;;;
BE8_ADJ;Seamount;;;;;
TSS;Thousand-Strong of Sedor;;;;;
TSS_ADJ;Thousand-Strong;;;;;
CRT;Corten Heights;;;;;
CRT_ADJ;Corten;;;;;
ASH;The Ashlands;;;;;
ASH_ADJ;Ashlander;;;;;
BE1;Normar;;;;;
BE1_ADJ;Normar;;;;;
AA7;Rock Guard Tribe;;;;;
AA7_ADJ;Rock Guard;;;;;
AD9;Black-Tongues Tribe;;;;;
AD9_ADJ;Black-Tongues;;;;;
HD0;Santaki;;;;;
HD0_ADJ;Santakian;;;;;
TA3;Tsaesci;;;;;
TA3_ADJ;Tsaescian;;;;;
VB7;Gil-Var-Delle;;;;;
VB7_ADJ;Gil-Var-Delle;;;;;
LA8;Abagarlas;;;;;
LA8_ADJ;Abagarlasian;;;;;
HA6;Ska'vyn;;;;;
HA6_ADJ;Ska'vyn;;;;;
CB3;Wenyandawik;;;;;
CB3_ADJ;Wenyandawikan;;;;;
HD1;Verkarth;;;;;
HD1_ADJ;Verkarthian;;;;;
BD1;Ilessa;;;;;
BD1_ADJ;Ilessan;;;;;
DC0;Threytonuldr Tribe;;;;;
DC0_ADJ;Threytonuldran;;;;;
NE5;Bthardamz;;;;;
NE5_ADJ;Bthardamzian;;;;;
GRA;Great Plains;;;;;
GRA_ADJ;Great Plain;;;;;
HH0;Haakon;;;;;
HH0_ADJ;Haakon;;;;;
VD3;Arananga;;;;;
VD3_ADJ;Aranangan;;;;;
YC9;Kil'Yelir;;;;;
YC9_ADJ;Kil'Yelirian;;;;;
IRO;Iron Orsinium;;;;;
IRO_ADJ;Iron;;;;;
EB4;Dune;;;;;
EB4_ADJ;Dunean;;;;;
BB2;Oathbound Clan;;;;;
BB2_ADJ;Oathbound;;;;;
YA3;Saran;;;;;
YA3_ADJ;Saranan;;;;;
DE1;Men of Shen;;;;;
DE1_ADJ;Shenian;;;;;
ESR;Esroniet;;;;;
ESR_ADJ;Esroniet;;;;;
RED;The Sharmat;;;;;
RED_ADJ;Sharmat;;;;;
MG2;Ababael;;;;;
MG2_ADJ;Ababaelan;;;;;
DD4;Skangruldr;;;;;
DD4_ADJ;Skangruldran;;;;;
NE1;Shor's Stone;;;;;
NE1_ADJ;Shor's;;;;;
GB0;Wretched Foundry;;;;;
GB0_ADJ;Wretched;;;;;
HB4;Roseguard;;;;;
HB4_ADJ;Roseguardian;;;;;
AF6;Red-Dream Tribe;;;;;
AF6_ADJ;Red-Dream;;;;;
THR;Thras;;;;;
THR_ADJ;Thrassian;;;;;
KA5;Iizfrod;;;;;
KA5_ADJ;Iizfrodian;;;;;
SD7;Russafeld;;;;;
SD7_ADJ;Russafeld;;;;;
IA4;Shaixane;;;;;
IA4_ADJ;Shaixanean;;;;;
EC2;Pa'alatiin;;;;;
EC2_ADJ;Pa'alatiinan;;;;;
EC8;Helkarn;;;;;
EC8_ADJ;Helkarnian;;;;;
HH4;City of Mages;;;;;
HH4_ADJ;Magical;;;;;
SE1;Rilis;;;;;
SE1_ADJ;Rilis;;;;;
EA8;Torval;;;;;
EA8_ADJ;Torvalian;;;;;
CF4;Vahtacen;;;;;
CF4_ADJ;Vahtacenian;;;;;
RB1;Gloomstalker Clan;;;;;
RB1_ADJ;Gloomstalker;;;;;
KOT;Kothringia;;;;;
KOT_ADJ;Kothringi;;;;;
PC2;Kituna Vos;;;;;
PC2_ADJ;Kituna Vossan;;;;;
EC1;The Stitches;;;;;
EC1_ADJ;Stitchesian;;;;;
AE5;Shoss-Kaleel Tribe;;;;;
AE5_ADJ;Shoss-Kaleel;;;;;
BD0;Fharun Clan;;;;;
BD0_ADJ;Fharun;;;;;
SB6;Syldarim;;;;;
SB6_ADJ;Syldariman;;;;;
MJ8;Mzanchend;;;;;
MJ8_ADJ;Mzanchend;;;;;
CJ6;Rock Biter Tribe;;;;;
CJ6_ADJ;Rock Biter;;;;;
EA1;Fardir's Folly;;;;;
EA1_ADJ;Fardir's;;;;;
CI3;Moth's Temple;;;;;
CI3_ADJ;Moth's;;;;;
LA4;Haj Uxith;;;;;
LA4_ADJ;Uxith;;;;;
NF6;Riverwood;;;;;
NF6_ADJ;Riverwood;;;;;
OLD;Old Kingdom;;;;;
OLD_ADJ;Royal;;;;;
CH0;Bleaker's Way;;;;;
CH0_ADJ;Bleakish;;;;;
MG5;Dagon Fel;;;;;
MG5_ADJ;Dagon Felan;;;;;
HB1;Herne;;;;;
HB1_ADJ;Hernean;;;;;
VB3;Tarlain;;;;;
VB3_ADJ;Tarlain;;;;;
SD2;Ald Mora;;;;;
SD2_ADJ;Ald Moran;;;;;
VD1;Hectahame;;;;;
VD1_ADJ;Hectahamen;;;;;
AB1;Dead-Water Tribe;;;;;
AB1_ADJ;Dead-Water;;;;;
SED;Bahrammu;;;;;
SED_ADJ;Bahrammu;;;;;
CC7;Miscarcand;;;;;
CC7_ADJ;Miscarcandan;;;;;
HG2;Dust Eater Tribe;;;;;
HG2_ADJ;Dust Eater;;;;;
DUM;Clan Dumac;;;;;
DUM_ADJ;Dumalacathi;;;;;
MG3;Addunipu;;;;;
MG3_ADJ;Addunipuan;;;;;
MOR;Morrowind;;;;;
MOR_ADJ;Morrowind;;;;;
NC4;Cinder-Heart Clan;;;;;
NC4_ADJ;Cinder-Heart;;;;;
VA7;Cori Silmoor;;;;;
VA7_ADJ;Silmoor;;;;;
YB9;Yul;;;;;
YB9_ADJ;Yulian;;;;;
OA1;Katan;;;;;
OA1_ADJ;Katanan;;;;;
CE3;Rielle;;;;;
CE3_ADJ;Riellean;;;;;
HAM;Hammerfell;;;;;
HAM_ADJ;Hammerfeller;;;;;
HB0;Lainlyn;;;;;
HB0_ADJ;Lainlynan;;;;;
MJ1;Mzuleft;;;;;
MJ1_ADJ;Mzuleftan;;;;;
NC2;Karthwasten;;;;;
NC2_ADJ;Karthwasten;;;;;
DRG;Dragontail Mountains;;;;;
DRG_ADJ;Dragontail;;;;;
PB1;Vallas Bor;;;;;
PB1_ADJ;Vallas Boran;;;;;
OA8;Lao'Sencka;;;;;
OA8_ADJ;Lao'Senckan;;;;;
OC2;Tunhax;;;;;
OC2_ADJ;Tunhaxan;;;;;
MC5;Kaushmamanu;;;;;
MC5_ADJ;Kaushmamanuan;;;;;
AF5;Stone-Pile Tribe;;;;;
AF5_ADJ;Stone-Pile;;;;;
CF3;Kemen;;;;;
CF3_ADJ;Kemenan;;;;;
IA7;Yneslea;;;;;
IA7_ADJ;Yneslean;;;;;
HG6;Clan Thunderfall;;;;;
HG6_ADJ;Thunderfall;;;;;
OA3;Gulong;;;;;
OA3_ADJ;Gulongian;;;;;
MA2;Bthulzand;;;;;
MA2_ADJ;Bthulzand;;;;;
AD3;Andreethees Tribe;;;;;
AD3_ADJ;Andreetheesian;;;;;
NB3;Bromjunaar;;;;;
NB3_ADJ;Bromjunaar;;;;;
YA9;Jolde;;;;;
YA9_ADJ;Joldean;;;;;
VB6;Tree-Ring;;;;;
VB6_ADJ;Tree-Ring;;;;;
NA2;Kagrenzel;;;;;
NA2_ADJ;Kagrenzelian;;;;;
MA6;Kagesh;;;;;
MA6_ADJ;Kageshi;;;;;
CF5;Sutch;;;;;
CF5_ADJ;Sutchish;;;;;
EA4;S'ren-ja;;;;;
EA4_ADJ;S'ren-jan;;;;;
OB3;Jhaotun;;;;;
OB3_ADJ;Jhaotunian;;;;;
PC1;Wega;;;;;
PC1_ADJ;Wegan;;;;;
SKY;Skyrim;;;;;
SKY_ADJ;Nordic;;;;;
MD6;Ahalkalun;;;;;
MD6_ADJ;Ahalkalun;;;;;
JA6;Lo;;;;;
JA6_ADJ;Loan;;;;;
CJ9;Three Feather Tribe;;;;;
CJ9_ADJ;Three Feather;;;;;
FAL;Falmer Society;;;;;
FAL_ADJ;Falmer;;;;;
CJ1;Harm's Folly;;;;;
CJ1_ADJ;Harm's;;;;;
IB3;Atiliana;;;;;
IB3_ADJ;Atilianan;;;;;
MF4;Gnaar Mok;;;;;
MF4_ADJ;Gnaar Mokan;;;;;
KAP;Ka Po' Tun;;;;;
KAP_ADJ;Ka Po' Tunian;;;;;
SC3;Glister Vale;;;;;
SC3_ADJ;Glister;;;;;
UNI;Resdayn;;;;;
UNI_ADJ;Resdayni;;;;;
HE0;Kerbol;;;;;
HE0_ADJ;Kerbol's;;;;;
CH1;White-Gold Tower;;;;;
CH1_ADJ;White-Gold;;;;;
MB6;Vannis;;;;;
MB6_ADJ;Vannis;;;;;
DWE;Dwemereth;;;;;
DWE_ADJ;Dwemerethi;;;;;
VC6;Dra'bul Clan;;;;;
VC6_ADJ;Dra'bul;;;;;
BD9;Fells's Run;;;;;
BD9_ADJ;Fells's;;;;;
CD3;Border Watch;;;;;
CD3_ADJ;Watcher;;;;;
TON;Tonal Architects;;;;;
TON_ADJ;Tonal Architects;;;;;
BB8;Anticlere;;;;;
BB8_ADJ;Anticlerean;;;;;
CF0;Chorrol;;;;;
CF0_ADJ;Chorrolian;;;;;
CG8;Aleswell;;;;;
CG8_ADJ;Aleswellian;;;;;
AE9;Adzi-Kostleel Tribe;;;;;
AE9_ADJ;Adzi-Kostleel;;;;;
OC4;Jianhax;;;;;
OC4_ADJ;Jianhaxan;;;;;
DB8;Vormgeira Tribe;;;;;
DB8_ADJ;Vormgeiran;;;;;
SA7;Kingdom Fields;;;;;
SA7_ADJ;Kingdom Fielder;;;;;
LB5;Black Forge;;;;;
LB5_ADJ;Black;;;;;
CJ2;Cloud Ruler;;;;;
CJ2_ADJ;Cloud;;;;;
CE9;Belda;;;;;
CE9_ADJ;Beldan;;;;;
VEL;Velothi Mountains;;;;;
VEL_ADJ;Velothi Mountains;;;;;
YEP;Yespest State;;;;;
YEP_ADJ;Yespest;;;;;
ME7;Sonnerralit;;;;;
ME7_ADJ;Sonnerraliti;;;;;
DE3;Drakar of Frulthuul;;;;;
DE3_ADJ;Frulthuulan;;;;;
CG5;Wendelbek;;;;;
CG5_ADJ;Wendelbekan;;;;;
RIE;Riekling Gathering;;;;;
RIE_ADJ;Riekling;;;;;
KAG;Clan Kagrenac;;;;;
KAG_ADJ;Kagrenaci;;;;;
HH2;Clan Ironblood;;;;;
HH2_ADJ;Ironblood;;;;;
AGA;Agaceph State;;;;;
AGA_ADJ;Agaceph;;;;;
