herd_mother;Herd Mother;;;;;
horned_rat_cult;Horned Rat;;;;;
cult_of_lorelia;Cult of Nereids;;;;;
jyggalag_cult;Jyggalag Cult;;;;;
thirty_divines;Thirty Divines;;;;;
sload_faith;Sload Faith;;;;;
khajiiti_pantheon;Khajiiti Pantheon;;;;;
miraak_cult;Miraak Cult;;;;;
hircine_cult;Hircine Cult;;;;;
malacath_cult;Malacath Cult;;;;;
sanguine_cult;Sanguine Cult;;;;;
meridia_cult;Meridia Cult;;;;;
golden_paw_cult;Golden Paw;;;;;
old_gods_cult;Old Gods Cult;;;;;
bosmer_pantheon;Bosmeri Pantheon;;;;;
ghost_snake;Ghost Snake;;;;;
tang_mo_pantheon;Tang Mo Animism;;;;;
vaermina_cult;Vaermina Cult;;;;;
yokudan_pantheon;Yokudan Pantheon;;;;;
mephala_cult;Mephala Cult;;;;;
cult_of_black_worm;Black Worm;;;;;
dragon_cult;Dragon Cult;;;;;
four_parents;Four Parents;;;;;
twelve_divines;Twelve Divines;;;;;
marukhism;Marukhism;;;;;
deep_ones;Deep Ones;;;;;
nordic_pantheon;Nordic Pantheon;;;;;
altmeri_pantheon;Altmeri Pantheon;;;;;
xrib_cult;Xrib Cult;;;;;
hist;The Hist;;;;;
serpent_king;Serpent King;;;;;
cult_of_the_moth;Ancestor Moth;;;;;
mehrunes_dagon_cult;Mehrunes Dagon Cult;;;;;
keptu_pantheon;Keptu Pantheon;;;;;
shagrath_cult;Shagrath Cult;;;;;
eight_divines;Eight Divines;;;;;
cult_of_the_insect;Insect God;;;;;
students_of_magnus;Students of Magnus;;;;;
egg_mother;Egg Mother;;;;;
namira_cult;Namira Cult;;;;;
kamal_pantheon;Al-Kamalian Animism;;;;;
reclamations_pantheon;The Reclamations;;;;;
all_maker_cult;All-Maker;;;;;
elder_gods;Elder Gods;;;;;
redguard_pantheon;Redguard Pantheon;;;;;
po_tun_pantheon;Po Tun Unity;;;;;
nocturnal_cult;Nocturnal Cult;;;;;
druidism;Druidism;;;;;
molag_bal_cult;Molag Bal Cult;;;;;
tsaesci_pantheon;Tsaesci Order;;;;;
orcish_pantheon;Orcish Pantheon;;;;;
sithis_cult;Sithis Cult;;;;;
celestials;Celestials;;;;;
volcano_god;Volcano God;;;;;
boethiah_cult;Boethiah Cult;;;;;
unknown_pantheon;Unknown Pantheon;;;;;
sheogorath_cult;Sheogorath Cult;;;;;
tribunal_pantheon;The Tribunal;;;;;
zeqqi_cult;Zeqqi Cult;;;;;
azura_cult;Azura Cult;;;;;
chimer_pantheon;Velothi Pantheon;;;;;
dremora_pantheon;Dremoran Pantheon;;;;;
mother_sea;Mother Sea;;;;;
nine_divines;Nine Divines;;;;;
kothri_pantheon;Kothringi Pantheon;;;;;
cult_of_ancestors;Ancestor Worship;;;;;
nedic_pantheon;Nedic Pantheon;;;;;
old_way_cult;Old Ways;;;;;
ayleid_pantheon;Ayleid Pantheon;;;;;
peryite_cult;Peryite Cult;;;;;
ithelia_cult;Ithelia Cult;;;;;
reason_and_logic_cult;Reason and Logic;;;;;
god_of_the_wild;God of the Wild;;;;;
snow_elves_pantheon;Snow Elf Pantheon;;;;;
lamae_bal_cult;Lamae Bal Cult;;;;;
hermeus_mora_cult;Hermaeus Mora Cult;;;;;
clavicus_vile_cult;Clavicus Vile Cult;;;;;
magne_ge;Magna Ge;;;;;
