abecean_10_la;Gonfalon Bay;;;;;
abecean_11_la;Tor Draioch;;;;;
abecean_12_la;Bthzark;;;;;
abecean_13_la;The Chain;;;;;
abecean_14_la;Cespar;;;;;
abecean_15_la;Herne;;;;;
abecean_16_la;Rlechan;;;;;
abecean_17_la;Pankor;;;;;
abecean_1_la;Vanlor;;;;;
abecean_2_la;Port Hunding;;;;;
abecean_3_la;Agonio;;;;;
abecean_4_la;Morane;;;;;
abecean_5_la;Lilnis;;;;;
abecean_6_la;Galen;;;;;
abecean_7_la;Y'ffelon;;;;;
abecean_8_la;Amenos;;;;;
abecean_9_la;Port Navire;;;;;
argonia_100_la;Forsaken Hamlet;;;;;
argonia_101_la;Mud Tree;;;;;
argonia_102_la;Xal Thak;;;;;
argonia_103_la;Onkobra;;;;;
argonia_104_la;Murkwater;;;;;
argonia_105_la;Bogmother;;;;;
argonia_106_la;Glow-Gill;;;;;
argonia_107_la;Hatchling's Crown;;;;;
argonia_108_la;Xeirsareth;;;;;
argonia_109_la;Venomous Fens;;;;;
argonia_10_la;Pehrdesh;;;;;
argonia_110_la;Sunscale;;;;;
argonia_111_la;An-Nevus;;;;;
argonia_112_la;Bright-Throat;;;;;
argonia_113_la;Norg-Tzel;;;;;
argonia_114_la;Xemseene;;;;;
argonia_115_la;Archon;;;;;
argonia_116_la;Bitterroot;;;;;
argonia_117_la;Augussareth;;;;;
argonia_11_la;Olank-Mideesh;;;;;
argonia_12_la;Blackrose;;;;;
argonia_13_la;Milaaza;;;;;
argonia_14_la;Caegalus;;;;;
argonia_15_la;Corimont;;;;;
argonia_16_la;Geelgulus;;;;;
argonia_17_la;Deeth-Deese;;;;;
argonia_18_la;Root-Whisper;;;;;
argonia_19_la;Hissmir;;;;;
argonia_1_la;Broken Tusk;;;;;
argonia_20_la;Zuuk;;;;;
argonia_21_la;Ten-Maur-Wolk;;;;;
argonia_22_la;Kaymuseeth;;;;;
argonia_23_la;Perdesh;;;;;
argonia_24_la;Caliseus;;;;;
argonia_25_la;Helstrom;;;;;
argonia_26_la;Xul-Thuxis;;;;;
argonia_27_la;Gilmei;;;;;
argonia_28_la;Peridesh;;;;;
argonia_29_la;Tashuma;;;;;
argonia_2_la;Stormhold;;;;;
argonia_30_la;Canidaresh;;;;;
argonia_31_la;Messius;;;;;
argonia_32_la;Velvely;;;;;
argonia_33_la;Vos-Uxith;;;;;
argonia_34_la;Shattered Xanmeer;;;;;
argonia_35_la;Moonmarch;;;;;
argonia_36_la;Kud-Reiki;;;;;
argonia_37_la;Vunalk;;;;;
argonia_38_la;Keerare;;;;;
argonia_39_la;Mereedorees;;;;;
argonia_3_la;Silken Snare;;;;;
argonia_40_la;Bejearee;;;;;
argonia_41_la;Xersilus;;;;;
argonia_42_la;Nagssius;;;;;
argonia_43_la;Meerhleel;;;;;
argonia_44_la;Lilmoth;;;;;
argonia_45_la;Theomesh;;;;;
argonia_46_la;Thorn;;;;;
argonia_47_la;Loriasel;;;;;
argonia_48_la;Greenspring;;;;;
argonia_49_la;Perigulus;;;;;
argonia_4_la;Endoresar;;;;;
argonia_50_la;Chasecreek;;;;;
argonia_51_la;Gilleez;;;;;
argonia_52_la;Meen-Deesei;;;;;
argonia_53_la;Krona-Konu;;;;;
argonia_54_la;Xeirsion;;;;;
argonia_55_la;Teeth of Sithis;;;;;
argonia_56_la;Bok-Xul;;;;;
argonia_57_la;Casion;;;;;
argonia_58_la;Branchgrove;;;;;
argonia_59_la;Mereeleesh;;;;;
argonia_5_la;Soulrest;;;;;
argonia_60_la;Portdun Mont;;;;;
argonia_61_la;Sea-Fall;;;;;
argonia_62_la;Dunmont;;;;;
argonia_63_la;Kmeiine;;;;;
argonia_64_la;Caninaresh;;;;;
argonia_65_la;Riverbridge;;;;;
argonia_66_la;Am-Wazei;;;;;
argonia_67_la;Kaymesh;;;;;
argonia_68_la;Kelo-Liurz;;;;;
argonia_69_la;Theoleesh;;;;;
argonia_6_la;Dead-Water;;;;;
argonia_70_la;Nefemus;;;;;
argonia_71_la;Geeldorus;;;;;
argonia_72_la;Galseene;;;;;
argonia_73_la;Markmont;;;;;
argonia_74_la;Vakka-Bok;;;;;
argonia_75_la;Casseus;;;;;
argonia_76_la;Stonewastes;;;;;
argonia_77_la;Rockspring;;;;;
argonia_78_la;Meeh-Neeus;;;;;
argonia_79_la;Xeirlus;;;;;
argonia_7_la;Neeslei;;;;;
argonia_80_la;Theermareen;;;;;
argonia_81_la;Andreethees;;;;;
argonia_82_la;Andreetus;;;;;
argonia_83_la;Mereesareeth;;;;;
argonia_84_la;Nagmareen;;;;;
argonia_85_la;Glenbridge;;;;;
argonia_86_la;Traveler's Plateau;;;;;
argonia_87_la;Mazzatun;;;;;
argonia_88_la;Gideon;;;;;
argonia_89_la;Nefesareeth;;;;;
argonia_8_la;Rock Creek;;;;;
argonia_90_la;Porcixid;;;;;
argonia_91_la;Xith-Izkul;;;;;
argonia_92_la;Crandle of Shadows;;;;;
argonia_93_la;Rockguard;;;;;
argonia_94_la;White Rose;;;;;
argonia_95_la;Chid-Moska;;;;;
argonia_96_la;Sedir-Meik;;;;;
argonia_97_la;Atanaz;;;;;
argonia_98_la;Arnesia;;;;;
argonia_99_la;Percolating Mire;;;;;
argonia_9_la;Meeh-Mena;;;;;
atmora_10_la;Thugibaf;;;;;
atmora_11_la;Kollskeg;;;;;
atmora_12_la;Hrodgeir;;;;;
atmora_13_la;Throgdriof;;;;;
atmora_14_la;Hillas;;;;;
atmora_15_la;Thillar;;;;;
atmora_16_la;Yorru;;;;;
atmora_17_la;Esta;;;;;
atmora_18_la;Arnthrud;;;;;
atmora_19_la;Knetsiag;;;;;
atmora_1_la;Thorod;;;;;
atmora_20_la;Vormgeira;;;;;
atmora_21_la;Dandra;;;;;
atmora_22_la;Nevrass;;;;;
atmora_23_la;Sigestael;;;;;
atmora_24_la;Kolli;;;;;
atmora_25_la;Threytonuldr;;;;;
atmora_26_la;Vef;;;;;
atmora_27_la;Talohnass;;;;;
atmora_28_la;Forelgrim;;;;;
atmora_29_la;Melion;;;;;
atmora_2_la;Vera;;;;;
atmora_30_la;Goegnonal;;;;;
atmora_31_la;Brudr;;;;;
atmora_32_la;Skangruldr;;;;;
atmora_33_la;Irenmund;;;;;
atmora_34_la;Gnuarfaite;;;;;
atmora_35_la;Mizette;;;;;
atmora_36_la;Jylkurfyk;;;;;
atmora_37_la;Ieflaina;;;;;
atmora_38_la;Holmfrid;;;;;
atmora_39_la;Kelqe;;;;;
atmora_3_la;Vandrad;;;;;
atmora_40_la;Thadner;;;;;
atmora_41_la;Dragon Sanctuary;;;;;
atmora_42_la;Gurvohuld;;;;;
atmora_43_la;Ticinar;;;;;
atmora_44_la;Yssan'dy;;;;;
atmora_45_la;Thorun;;;;;
atmora_46_la;Ranveig;;;;;
atmora_47_la;Styrbiorn;;;;;
atmora_48_la;Hallstein;;;;;
atmora_49_la;Hagi;;;;;
atmora_4_la;Sturaoth;;;;;
atmora_50_la;Norlynthi;;;;;
atmora_51_la;Byrnjolf;;;;;
atmora_52_la;Ivrada;;;;;
atmora_53_la;Hallbera;;;;;
atmora_54_la;Thel'ra;;;;;
atmora_5_la;Tica;;;;;
atmora_6_la;Folkmar;;;;;
atmora_7_la;Thyre;;;;;
atmora_8_la;Isellarue;;;;;
atmora_9_la;Syllartha;;;;;
black_mountain_la;Jun-Kamal;;;;;
blackreach_10_la;Nchuthnkarst;;;;;
blackreach_11_la;Miner's Lament;;;;;
blackreach_12_la;Greymoor Keep;;;;;
blackreach_13_la;Feeding Grounds;;;;;
blackreach_14_la;Dwarven Run;;;;;
blackreach_15_la;Nightstone;;;;;
blackreach_16_la;Grotto Refuge;;;;;
blackreach_17_la;Dusktown;;;;;
blackreach_18_la;Dusktown Tunnels;;;;;
blackreach_19_la;Bthar-Zel Square;;;;;
blackreach_1_la;Raldbthar Depths;;;;;
blackreach_20_la;Nighthollow Keep;;;;;
blackreach_21_la;Ghostlight Grotto;;;;;
blackreach_22_la;Arkthzand Library;;;;;
blackreach_2_la;Bastion Sanguinaris;;;;;
blackreach_3_la;Deep Market;;;;;
blackreach_4_la;Mzark Tower;;;;;
blackreach_5_la;Silent City;;;;;
blackreach_6_la;Kagalthar;;;;;
blackreach_7_la;Gloomforest;;;;;
blackreach_8_la;Lightless Hollow;;;;;
blackreach_9_la;Dwarf's Bane;;;;;
cathnoquey_1_la;Res;;;;;
cathnoquey_2_la;Quey;;;;;
cathnoquey_3_la;Kotla;;;;;
cathnoquey_4_la;Shayfan;;;;;
cathnoquey_5_la;Runa;;;;;
cathnoquey_6_la;Monheld;;;;;
cathnoquey_7_la;Veydos;;;;;
cathnoquey_8_la;Kiah;;;;;
coldharbour_10_la;Tuari;;;;;
coldharbour_11_la;Tower of Lies;;;;;
coldharbour_12_la;Zuelta;;;;;
coldharbour_13_la;Sessa;;;;;
coldharbour_14_la;Lost Fleet;;;;;
coldharbour_15_la;Phoya;;;;;
coldharbour_16_la;Font of Schemes;;;;;
coldharbour_17_la;The Orchard;;;;;
coldharbour_18_la;Moonless Walk;;;;;
coldharbour_19_la;Library of Dusk;;;;;
coldharbour_1_la;Durneirti;;;;;
coldharbour_20_la;Forsaken Village;;;;;
coldharbour_21_la;Qentu;;;;;
coldharbour_22_la;Spurned Peak;;;;;
coldharbour_23_la;Hollow City;;;;;
coldharbour_24_la;Cadwell's Hovel;;;;;
coldharbour_25_la;Shrine of Kyne;;;;;
coldharbour_26_la;Vyrluam;;;;;
coldharbour_27_la;Vile Laboratory;;;;;
coldharbour_28_la;Olana;;;;;
coldharbour_29_la;Kaarniin;;;;;
coldharbour_2_la;Forgefire Vault;;;;;
coldharbour_30_la;Lost Village;;;;;
coldharbour_31_la;Failure Cliffs;;;;;
coldharbour_32_la;Trophies Cave;;;;;
coldharbour_33_la;Everfull Flagon;;;;;
coldharbour_34_la;Great Shackle;;;;;
coldharbour_35_la;The Chasm;;;;;
coldharbour_36_la;Deathspinner Lair;;;;;
coldharbour_37_la;Ocamo;;;;;
coldharbour_38_la;Osheto;;;;;
coldharbour_39_la;Endless Stair;;;;;
coldharbour_3_la;Derna;;;;;
coldharbour_40_la;Risen Court;;;;;
coldharbour_41_la;Haj Uxith;;;;;
coldharbour_42_la;Killing Field;;;;;
coldharbour_43_la;Lightless Oubliette;;;;;
coldharbour_44_la;Contempt Court;;;;;
coldharbour_4_la;Zehivi;;;;;
coldharbour_5_la;Black Forge;;;;;
coldharbour_6_la;Reaver Pyramid;;;;;
coldharbour_7_la;Dark Pyramid;;;;;
coldharbour_8_la;Deathspine;;;;;
coldharbour_9_la;Wailing Maw;;;;;
cyrodiil_100_la;Wendelbek;;;;;
cyrodiil_101_la;Entius;;;;;
cyrodiil_102_la;Flecia;;;;;
cyrodiil_103_la;Grief;;;;;
cyrodiil_104_la;Aurus;;;;;
cyrodiil_105_la;Hame;;;;;
cyrodiil_106_la;Cat's-Claw;;;;;
cyrodiil_107_la;Drakelowe;;;;;
cyrodiil_108_la;Nebillona;;;;;
cyrodiil_109_la;Silattoria;;;;;
cyrodiil_10_la;Garlas Malatar;;;;;
cyrodiil_110_la;Fanacas;;;;;
cyrodiil_111_la;Kemen;;;;;
cyrodiil_112_la;Culotte;;;;;
cyrodiil_113_la;Vanua;;;;;
cyrodiil_114_la;Nornal;;;;;
cyrodiil_115_la;Vilverin;;;;;
cyrodiil_116_la;Vahtacen;;;;;
cyrodiil_117_la;Sercen;;;;;
cyrodiil_118_la;Arrius Caverns;;;;;
cyrodiil_119_la;Serpent's Trail;;;;;
cyrodiil_11_la;Frontier's Crandle;;;;;
cyrodiil_120_la;Harm's Folly;;;;;
cyrodiil_121_la;Moss Rock;;;;;
cyrodiil_122_la;Sedor;;;;;
cyrodiil_123_la;Rielle;;;;;
cyrodiil_124_la;Aleswell;;;;;
cyrodiil_125_la;Moranda;;;;;
cyrodiil_126_la;Ninendava;;;;;
cyrodiil_127_la;Lipsand Tarn;;;;;
cyrodiil_128_la;Gregelliun;;;;;
cyrodiil_129_la;Shadow's Rest;;;;;
cyrodiil_12_la;Brina Cross;;;;;
cyrodiil_130_la;Hrotanda Vale;;;;;
cyrodiil_131_la;Yellow Tick;;;;;
cyrodiil_132_la;Northern Imperial Island;;;;;
cyrodiil_133_la;Wellspring Islands;;;;;
cyrodiil_134_la;Forsaken Mine;;;;;
cyrodiil_135_la;Border Watch;;;;;
cyrodiil_136_la;Bawn;;;;;
cyrodiil_137_la;Arriastae;;;;;
cyrodiil_138_la;Anutwyll;;;;;
cyrodiil_139_la;Variela;;;;;
cyrodiil_13_la;Black Rock;;;;;
cyrodiil_140_la;Sardavar Leed;;;;;
cyrodiil_141_la;Harcane Grove;;;;;
cyrodiil_142_la;Black Boot;;;;;
cyrodiil_143_la;Nenyond Twyll;;;;;
cyrodiil_144_la;Old Bridge;;;;;
cyrodiil_145_la;Blessed Water;;;;;
cyrodiil_146_la;Silorn;;;;;
cyrodiil_147_la;Bloodcrust;;;;;
cyrodiil_148_la;Vlastarus;;;;;
cyrodiil_149_la;Green Leaf;;;;;
cyrodiil_14_la;Pereda;;;;;
cyrodiil_150_la;Brindle Home;;;;;
cyrodiil_151_la;Ash;;;;;
cyrodiil_152_la;Broken Promises;;;;;
cyrodiil_153_la;Elenglynn;;;;;
cyrodiil_154_la;Wendir;;;;;
cyrodiil_155_la;Ontus;;;;;
cyrodiil_156_la;Olo;;;;;
cyrodiil_157_la;Weatherleah;;;;;
cyrodiil_158_la;Dirich;;;;;
cyrodiil_159_la;Moon Keep;;;;;
cyrodiil_15_la;Weye;;;;;
cyrodiil_160_la;Istirus;;;;;
cyrodiil_161_la;Linchal;;;;;
cyrodiil_162_la;Arkay Fields;;;;;
cyrodiil_163_la;Shetcombe;;;;;
cyrodiil_164_la;Trumbe;;;;;
cyrodiil_165_la;Hastrel;;;;;
cyrodiil_166_la;Strid Enclave;;;;;
cyrodiil_167_la;Brittlerock;;;;;
cyrodiil_168_la;Fin Gleam;;;;;
cyrodiil_169_la;Beldaburo;;;;;
cyrodiil_16_la;Applewatch;;;;;
cyrodiil_170_la;Crayfish;;;;;
cyrodiil_171_la;Kvatch Castle;;;;;
cyrodiil_172_la;Belda;;;;;
cyrodiil_173_la;Aetherius Stone;;;;;
cyrodiil_174_la;Bloody Grasslands;;;;;
cyrodiil_175_la;Narfinsel;;;;;
cyrodiil_176_la;Pantherfang;;;;;
cyrodiil_177_la;Mara's Waters;;;;;
cyrodiil_178_la;Pentic Run;;;;;
cyrodiil_179_la;Southern Imperial Island;;;;;
cyrodiil_17_la;Bleaker's Way;;;;;
cyrodiil_180_la;White-Gold Tower;;;;;
cyrodiil_18_la;Caractacus;;;;;
cyrodiil_19_la;Cropsford;;;;;
cyrodiil_1_la;Telepe;;;;;
cyrodiil_20_la;Gnoll Mountain;;;;;
cyrodiil_21_la;Imperial City;;;;;
cyrodiil_22_la;Welke;;;;;
cyrodiil_23_la;Dread Cellar;;;;;
cyrodiil_24_la;Kynareth's Waters;;;;;
cyrodiil_25_la;Shrine of The Moth;;;;;
cyrodiil_26_la;Bruma;;;;;
cyrodiil_27_la;Chorrol;;;;;
cyrodiil_28_la;Mackamentain;;;;;
cyrodiil_29_la;Blackwood;;;;;
cyrodiil_2_la;Bulwark;;;;;
cyrodiil_30_la;Sul-Xan;;;;;
cyrodiil_31_la;Veyond;;;;;
cyrodiil_32_la;Silvagrius;;;;;
cyrodiil_33_la;Nomore;;;;;
cyrodiil_34_la;Bravil's Watch;;;;;
cyrodiil_35_la;Atatar;;;;;
cyrodiil_36_la;Wenyandawik;;;;;
cyrodiil_37_la;Stirk;;;;;
cyrodiil_38_la;Anga;;;;;
cyrodiil_39_la;Virtue;;;;;
cyrodiil_3_la;Lost Boy;;;;;
cyrodiil_40_la;Warden Highlands;;;;;
cyrodiil_41_la;Anvil;;;;;
cyrodiil_42_la;Black-Dog;;;;;
cyrodiil_43_la;Vindasel;;;;;
cyrodiil_44_la;Kvatch;;;;;
cyrodiil_45_la;Dasek Moor;;;;;
cyrodiil_46_la;Nornalhorst;;;;;
cyrodiil_47_la;Gray's Hollow;;;;;
cyrodiil_48_la;Ceyatatar;;;;;
cyrodiil_49_la;Fall's Glade;;;;;
cyrodiil_4_la;Pell's Gate;;;;;
cyrodiil_50_la;Deserter's Lagoon;;;;;
cyrodiil_51_la;Miscarcand;;;;;
cyrodiil_52_la;Hoperoot;;;;;
cyrodiil_53_la;Sutch;;;;;
cyrodiil_54_la;Ondo;;;;;
cyrodiil_55_la;Hastrel Hollow;;;;;
cyrodiil_56_la;Varondo;;;;;
cyrodiil_57_la;Nonungalo;;;;;
cyrodiil_58_la;Sajanus;;;;;
cyrodiil_59_la;Cheydinhal;;;;;
cyrodiil_5_la;Bedrock Break;;;;;
cyrodiil_60_la;Bravil;;;;;
cyrodiil_61_la;Lucent Citadel;;;;;
cyrodiil_62_la;Sancre Tor;;;;;
cyrodiil_63_la;Talwinque;;;;;
cyrodiil_64_la;Battlehorn;;;;;
cyrodiil_65_la;Rayles;;;;;
cyrodiil_66_la;Cuptor;;;;;
cyrodiil_67_la;Leyawiin;;;;;
cyrodiil_68_la;Lindai;;;;;
cyrodiil_69_la;Underpall;;;;;
cyrodiil_6_la;Skingrad;;;;;
cyrodiil_70_la;Red Ruby;;;;;
cyrodiil_71_la;Wenderbek;;;;;
cyrodiil_72_la;Frostcrag;;;;;
cyrodiil_73_la;Wind Range;;;;;
cyrodiil_74_la;Kingscrest;;;;;
cyrodiil_75_la;Black Waterside;;;;;
cyrodiil_76_la;Iron Gate;;;;;
cyrodiil_77_la;Loverstone;;;;;
cyrodiil_78_la;Isona;;;;;
cyrodiil_79_la;Malada;;;;;
cyrodiil_7_la;Belletor's Folly;;;;;
cyrodiil_80_la;Caesenshield;;;;;
cyrodiil_81_la;Nagastani;;;;;
cyrodiil_82_la;Naso;;;;;
cyrodiil_83_la;Dark Fissure;;;;;
cyrodiil_84_la;Facian;;;;;
cyrodiil_85_la;Mage Stone;;;;;
cyrodiil_86_la;Bogwater;;;;;
cyrodiil_87_la;Blueblood;;;;;
cyrodiil_88_la;Tidewater;;;;;
cyrodiil_89_la;Vulpinaz;;;;;
cyrodiil_8_la;Tribune's Folly;;;;;
cyrodiil_90_la;Redmane;;;;;
cyrodiil_91_la;Old Deathwart;;;;;
cyrodiil_92_la;Arrialvia;;;;;
cyrodiil_93_la;Sundercliff;;;;;
cyrodiil_94_la;Nigon;;;;;
cyrodiil_95_la;Lassilia;;;;;
cyrodiil_96_la;Redwater Fort;;;;;
cyrodiil_97_la;Morahame;;;;;
cyrodiil_98_la;Leafrot;;;;;
cyrodiil_99_la;Glademist Fields;;;;;
cyrodiil_9_la;Garlas Agea;;;;;
deadlands_10_la;Destruction's Solace;;;;;
deadlands_11_la;Brandfire Forge;;;;;
deadlands_12_la;Dreaded Refuge;;;;;
deadlands_13_la;Igneous Keep;;;;;
deadlands_14_la;Wretched Spire;;;;;
deadlands_1_la;Dagon's Citadel;;;;;
deadlands_2_la;Blood Pit;;;;;
deadlands_3_la;Annihilarch's Summit;;;;;
deadlands_4_la;Blood Feast;;;;;
deadlands_5_la;Agony's Ascent;;;;;
deadlands_6_la;Ardent Hope;;;;;
deadlands_7_la;The Razorworks;;;;;
deadlands_8_la;Brandfire Keep;;;;;
deadlands_9_la;Lust Keep;;;;;
elsweyr_10_la;Markgran Brook;;;;;
elsweyr_11_la;Rajivgandihr;;;;;
elsweyr_12_la;Fur-Forge;;;;;
elsweyr_13_la;Shoirra;;;;;
elsweyr_14_la;Alabaster;;;;;
elsweyr_15_la;Rabzura;;;;;
elsweyr_16_la;Mistral;;;;;
elsweyr_17_la;Ineada;;;;;
elsweyr_18_la;Hem'thar;;;;;
elsweyr_19_la;Hamnugarvi;;;;;
elsweyr_1_la;Meirvale;;;;;
elsweyr_20_la;Windcather;;;;;
elsweyr_21_la;S'ren-ja;;;;;
elsweyr_22_la;Valley Guard;;;;;
elsweyr_23_la;Seaplace;;;;;
elsweyr_24_la;King's Walk;;;;;
elsweyr_25_la;Verkarth Hills;;;;;
elsweyr_26_la;Fardir's Folly;;;;;
elsweyr_27_la;Orevia;;;;;
elsweyr_28_la;Chasegrove;;;;;
elsweyr_29_la;Corinth;;;;;
elsweyr_2_la;Riverhold;;;;;
elsweyr_30_la;Bhisuzi;;;;;
elsweyr_31_la;Rimmen;;;;;
elsweyr_32_la;Orcrest;;;;;
elsweyr_33_la;Shadow Dance;;;;;
elsweyr_34_la;Serenity Falls;;;;;
elsweyr_35_la;Secunda's Retreat;;;;;
elsweyr_36_la;Nebillaise;;;;;
elsweyr_37_la;Marlendra;;;;;
elsweyr_38_la;Dawnshadow;;;;;
elsweyr_39_la;Thormar;;;;;
elsweyr_3_la;Chasemoor;;;;;
elsweyr_40_la;Dune;;;;;
elsweyr_41_la;Bruk'ra;;;;;
elsweyr_42_la;Solhir;;;;;
elsweyr_43_la;Anurbhi;;;;;
elsweyr_44_la;Darkpool;;;;;
elsweyr_45_la;Meir Lynmount;;;;;
elsweyr_46_la;Weeping Scar;;;;;
elsweyr_47_la;Pa'alat;;;;;
elsweyr_48_la;Lunar Hall;;;;;
elsweyr_49_la;Xahior;;;;;
elsweyr_4_la;The Stitches;;;;;
elsweyr_50_la;Ayiahni;;;;;
elsweyr_51_la;Doomstone;;;;;
elsweyr_52_la;Ne Quin-Al;;;;;
elsweyr_53_la;Helkarn;;;;;
elsweyr_54_la;Khanjgandihr;;;;;
elsweyr_55_la;The Tangle;;;;;
elsweyr_56_la;Ashen Scar;;;;;
elsweyr_57_la;Star Haven;;;;;
elsweyr_58_la;Forsaken Hold;;;;;
elsweyr_59_la;Heimthor Mount;;;;;
elsweyr_5_la;Rawl'kha;;;;;
elsweyr_60_la;Sunspire;;;;;
elsweyr_61_la;Moonlit Cove;;;;;
elsweyr_62_la;Predator Mesa;;;;;
elsweyr_63_la;Khenarthi's Arch;;;;;
elsweyr_64_la;Duncorii;;;;;
elsweyr_65_la;Senchel;;;;;
elsweyr_66_la;Dragonhold;;;;;
elsweyr_67_la;Tideholm;;;;;
elsweyr_68_la;Darvulk Haven;;;;;
elsweyr_69_la;Affrahin;;;;;
elsweyr_6_la;Tenmar;;;;;
elsweyr_70_la;Khenarthi's Breath;;;;;
elsweyr_71_la;Black Heights;;;;;
elsweyr_72_la;Mourning Springs;;;;;
elsweyr_73_la;Crescent Moons;;;;;
elsweyr_7_la;Ri'azami;;;;;
elsweyr_8_la;Torval;;;;;
elsweyr_9_la;Merryvale;;;;;
hammerfell_100_la;Danith;;;;;
hammerfell_101_la;Southhill;;;;;
hammerfell_102_la;Vulkneu;;;;;
hammerfell_103_la;No'halla;;;;;
hammerfell_104_la;Lhesh-E;;;;;
hammerfell_105_la;Riverpoint;;;;;
hammerfell_106_la;Onsi's Breath;;;;;
hammerfell_107_la;Kanti;;;;;
hammerfell_108_la;Tark;;;;;
hammerfell_109_la;Karnver Falls;;;;;
hammerfell_10_la;Lainlyn;;;;;
hammerfell_110_la;Lainebon;;;;;
hammerfell_111_la;Minne;;;;;
hammerfell_112_la;Volundai;;;;;
hammerfell_113_la;HoonDing's Watch;;;;;
hammerfell_114_la;Na-Totambu;;;;;
hammerfell_115_la;Marthal;;;;;
hammerfell_11_la;Umak-I;;;;;
hammerfell_12_la;Nilata;;;;;
hammerfell_13_la;Sentinel;;;;;
hammerfell_14_la;King's Rest;;;;;
hammerfell_15_la;Rubble Butte;;;;;
hammerfell_16_la;Kozanset;;;;;
hammerfell_17_la;Athell;;;;;
hammerfell_18_la;Satakalaam;;;;;
hammerfell_19_la;Elinhir;;;;;
hammerfell_1_la;Rihad;;;;;
hammerfell_20_la;Eredmont;;;;;
hammerfell_21_la;Stonemoor;;;;;
hammerfell_22_la;Sarchem;;;;;
hammerfell_23_la;Ahli;;;;;
hammerfell_24_la;Rithesa;;;;;
hammerfell_25_la;Faune;;;;;
hammerfell_26_la;Basking Grounds;;;;;
hammerfell_27_la;Sacred Springs;;;;;
hammerfell_28_la;Heldom Mount;;;;;
hammerfell_29_la;Vulnim Gate;;;;;
hammerfell_2_la;North Hall;;;;;
hammerfell_30_la;Lanbaan;;;;;
hammerfell_31_la;Hallin's Stand;;;;;
hammerfell_32_la;Easterly Aerie;;;;;
hammerfell_33_la;Ironblood Hills;;;;;
hammerfell_34_la;V'ofylon;;;;;
hammerfell_35_la;Leki's Blade;;;;;
hammerfell_36_la;Volenfell;;;;;
hammerfell_37_la;Placations of Zeht;;;;;
hammerfell_38_la;Morwha's Bounty;;;;;
hammerfell_39_la;Senandra;;;;;
hammerfell_3_la;Fothan;;;;;
hammerfell_40_la;Duptra Grove;;;;;
hammerfell_41_la;Hegathe;;;;;
hammerfell_42_la;Sunkeep;;;;;
hammerfell_43_la;Na-Totambu's Landing;;;;;
hammerfell_44_la;Gilane;;;;;
hammerfell_45_la;Hew's Citadel;;;;;
hammerfell_46_la;Old Verkarth;;;;;
hammerfell_47_la;Hall of Heroes;;;;;
hammerfell_48_la;Shalia;;;;;
hammerfell_49_la;Kerbol;;;;;
hammerfell_4_la;Blertom;;;;;
hammerfell_50_la;Nimbel Moor;;;;;
hammerfell_51_la;Fallona;;;;;
hammerfell_52_la;Na-Totambu Tombs;;;;;
hammerfell_53_la;Hel Ra;;;;;
hammerfell_54_la;Balamath;;;;;
hammerfell_55_la;Dal'khabnash;;;;;
hammerfell_56_la;Balarl;;;;;
hammerfell_57_la;Gaeccia;;;;;
hammerfell_58_la;Etitira;;;;;
hammerfell_59_la;Carustius;;;;;
hammerfell_5_la;Dragonstar;;;;;
hammerfell_60_la;Domus Phrasticus;;;;;
hammerfell_61_la;Eagle's Beak;;;;;
hammerfell_62_la;Hew's Port;;;;;
hammerfell_63_la;Hew's Junction;;;;;
hammerfell_64_la;Hew's Gate;;;;;
hammerfell_65_la;Thedell;;;;;
hammerfell_66_la;Baighter;;;;;
hammerfell_67_la;Na Tang;;;;;
hammerfell_68_la;Abibon-Gora;;;;;
hammerfell_69_la;Chastown;;;;;
hammerfell_6_la;Kank-I;;;;;
hammerfell_70_la;Deep Swamp;;;;;
hammerfell_71_la;Salas En;;;;;
hammerfell_72_la;Santaki;;;;;
hammerfell_73_la;Bergama;;;;;
hammerfell_74_la;Molavar;;;;;
hammerfell_75_la;Exarch's Lands;;;;;
hammerfell_76_la;Belkarth;;;;;
hammerfell_77_la;Hircine's Haut;;;;;
hammerfell_78_la;Uguszh'tum;;;;;
hammerfell_79_la;Crossroads;;;;;
hammerfell_7_la;Manirdie;;;;;
hammerfell_80_la;Skyreach;;;;;
hammerfell_81_la;Dragon Gate;;;;;
hammerfell_82_la;Earthtear;;;;;
hammerfell_83_la;Ephesus;;;;;
hammerfell_84_la;Evermore;;;;;
hammerfell_85_la;Dunkarn;;;;;
hammerfell_86_la;Skaven;;;;;
hammerfell_87_la;Nalagash;;;;;
hammerfell_88_la;Kractan;;;;;
hammerfell_89_la;Reinhold;;;;;
hammerfell_8_la;Taneth;;;;;
hammerfell_90_la;Stonedale;;;;;
hammerfell_91_la;Catrus;;;;;
hammerfell_92_la;Ag'krazak;;;;;
hammerfell_93_la;Chaseguard;;;;;
hammerfell_94_la;Roseguard;;;;;
hammerfell_95_la;Tark Basin;;;;;
hammerfell_96_la;Corten Mont;;;;;
hammerfell_97_la;Northill;;;;;
hammerfell_98_la;Dommeer;;;;;
hammerfell_99_la;Helland;;;;;
hammerfell_9_la;Bangkorai;;;;;
high_10_la;Ravenwatch;;;;;
high_11_la;Torug's Arch;;;;;
high_12_la;Murcien;;;;;
high_13_la;Portdun;;;;;
high_14_la;Daenia;;;;;
high_15_la;Rkindaleft;;;;;
high_16_la;Glenumbra;;;;;
high_17_la;Westtry;;;;;
high_18_la;Anticlere;;;;;
high_19_la;Old Fell;;;;;
high_1_la;Southern Daggerfall;;;;;
high_20_la;Koegria;;;;;
high_21_la;Reyford;;;;;
high_22_la;Wayrest;;;;;
high_23_la;Greyhome;;;;;
high_24_la;Icereach;;;;;
high_25_la;Shornhelm;;;;;
high_26_la;Arcaere;;;;;
high_27_la;North Point;;;;;
high_28_la;Mournoth;;;;;
high_29_la;Bonerock;;;;;
high_2_la;Vale of Guardians;;;;;
high_30_la;Karthgran;;;;;
high_31_la;Cryptwatch;;;;;
high_32_la;Orc's Finger;;;;;
high_33_la;Scarp Keep;;;;;
high_34_la;Betony;;;;;
high_35_la;Reich Grandkeep;;;;;
high_36_la;Ilessan Tower;;;;;
high_37_la;Northern Daggerfall;;;;;
high_38_la;Knightstown;;;;;
high_39_la;Dourstone;;;;;
high_3_la;Bralas;;;;;
high_40_la;Enduum;;;;;
high_41_la;Ilessan Hills;;;;;
high_42_la;Aldcroft;;;;;
high_43_la;The Doomcrag;;;;;
high_44_la;Hag Fen;;;;;
high_45_la;Cambray;;;;;
high_46_la;Dwynnarth;;;;;
high_47_la;Northmoor;;;;;
high_48_la;Ravenguard;;;;;
high_49_la;White Haven;;;;;
high_4_la;Camlorn;;;;;
high_50_la;Crosswych;;;;;
high_51_la;Balfiera;;;;;
high_52_la;Koeglin;;;;;
high_53_la;Red Petal;;;;;
high_54_la;Alcaire;;;;;
high_55_la;Firebrand;;;;;
high_56_la;Jehanna;;;;;
high_57_la;Farrun;;;;;
high_58_la;Jehanna Port;;;;;
high_59_la;Blackbone Islands;;;;;
high_5_la;Menevia;;;;;
high_60_la;Forgemaster Falls;;;;;
high_61_la;Morkul Plain;;;;;
high_62_la;Faer Mindon;;;;;
high_63_la;Zthenganaz;;;;;
high_64_la;Shatul Range;;;;;
high_65_la;Meir Darguard;;;;;
high_66_la;Jackdaw Cove;;;;;
high_67_la;Raven Spring;;;;;
high_68_la;Exile's Barrow;;;;;
high_69_la;Hoarfrost;;;;;
high_6_la;Moonguard;;;;;
high_70_la;Tumnosh;;;;;
high_71_la;Kirkmarket;;;;;
high_72_la;Gavaudon;;;;;
high_73_la;Frostbreak;;;;;
high_74_la;Wind Keep;;;;;
high_75_la;Northern Cumberland;;;;;
high_76_la;Hammerdeath;;;;;
high_77_la;Lor Felag;;;;;
high_78_la;Belenette;;;;;
high_79_la;Fell's Run;;;;;
high_7_la;Normar Heights;;;;;
high_8_la;Southern Cumberland;;;;;
high_9_la;Westmark;;;;;
kamal_10_la;Shaixane;;;;;
kamal_11_la;Ilica;;;;;
kamal_12_la;Kamala;;;;;
kamal_13_la;Idera;;;;;
kamal_14_la;Asselu;;;;;
kamal_15_la;Dhonniht;;;;;
kamal_16_la;Odpindaar;;;;;
kamal_17_la;Jerbronheim;;;;;
kamal_18_la;Wuthwahl;;;;;
kamal_19_la;Vita;;;;;
kamal_1_la;Vianit;;;;;
kamal_20_la;Sotema;;;;;
kamal_21_la;Vrestebal;;;;;
kamal_22_la;Fiesynes;;;;;
kamal_23_la;Cashie;;;;;
kamal_24_la;Toorfolein;;;;;
kamal_25_la;Lirelle;;;;;
kamal_26_la;Thertihne;;;;;
kamal_27_la;Yestihne;;;;;
kamal_28_la;Galzira;;;;;
kamal_29_la;Thersys;;;;;
kamal_2_la;Mesede;;;;;
kamal_30_la;Unanalore;;;;;
kamal_31_la;Lespisys;;;;;
kamal_32_la;Alustine;;;;;
kamal_33_la;Yescerys;;;;;
kamal_34_la;Leszenya;;;;;
kamal_35_la;Prixipha;;;;;
kamal_36_la;Fhadiane;;;;;
kamal_37_la;Saftheris;;;;;
kamal_38_la;Wolphira;;;;;
kamal_39_la;Iizfrod;;;;;
kamal_3_la;Moexi;;;;;
kamal_40_la;Kysdiane;;;;;
kamal_41_la;Zelfine;;;;;
kamal_42_la;Safvyre;;;;;
kamal_43_la;Luimant;;;;;
kamal_44_la;Savarna;;;;;
kamal_45_la;Edent;;;;;
kamal_46_la;Ban'zu;;;;;
kamal_47_la;Hotrana;;;;;
kamal_48_la;Adina;;;;;
kamal_49_la;Fernis;;;;;
kamal_4_la;Nanexi;;;;;
kamal_50_la;Temdri;;;;;
kamal_51_la;Ban'ma;;;;;
kamal_52_la;Chaegella;;;;;
kamal_53_la;Kaalda;;;;;
kamal_54_la;Safala;;;;;
kamal_55_la;Kita;;;;;
kamal_56_la;Visarran;;;;;
kamal_57_la;Aerea;;;;;
kamal_58_la;Phalusi;;;;;
kamal_59_la;Virissi;;;;;
kamal_5_la;Agnush;;;;;
kamal_60_la;Abu;;;;;
kamal_61_la;Alisma;;;;;
kamal_62_la;Pothrang;;;;;
kamal_63_la;Olithymes;;;;;
kamal_6_la;Phelaro;;;;;
kamal_7_la;Shu' Ran;;;;;
kamal_8_la;Ho' Teng;;;;;
kamal_9_la;Maarkrod;;;;;
morrowind_100_la;Kogobthar;;;;;
morrowind_101_la;Zaelbalmiran;;;;;
morrowind_102_la;Silgrad;;;;;
morrowind_103_la;Thirsk;;;;;
morrowind_104_la;Nchardak;;;;;
morrowind_105_la;Snowclad;;;;;
morrowind_106_la;Novenela;;;;;
morrowind_107_la;Rift Pass;;;;;
morrowind_108_la;Omaynia;;;;;
morrowind_109_la;Leftunch;;;;;
morrowind_10_la;Rkugamz;;;;;
morrowind_110_la;Dulg Granosh;;;;;
morrowind_111_la;Shadowgate Pass;;;;;
morrowind_112_la;Rhun Huk;;;;;
morrowind_113_la;Talaise;;;;;
morrowind_114_la;Rolando;;;;;
morrowind_115_la;Nchantmntz;;;;;
morrowind_116_la;Kragen Mar;;;;;
morrowind_117_la;Kragenmoor;;;;;
morrowind_118_la;Ngalftzel;;;;;
morrowind_119_la;Karththor Dale;;;;;
morrowind_11_la;Noldeli;;;;;
morrowind_120_la;Tormented Spire;;;;;
morrowind_121_la;Brothers of Strife;;;;;
morrowind_122_la;Muth Gnaar;;;;;
morrowind_123_la;Narsis;;;;;
morrowind_124_la;Ashush-Shirari;;;;;
morrowind_125_la;Iron Gate Pass;;;;;
morrowind_126_la;Dernus;;;;;
morrowind_127_la;Lhendal;;;;;
morrowind_128_la;Reloth;;;;;
morrowind_129_la;Mzarfth;;;;;
morrowind_12_la;Eidolon;;;;;
morrowind_130_la;Stonefalls;;;;;
morrowind_131_la;Stonefang;;;;;
morrowind_132_la;Othmura;;;;;
morrowind_133_la;Ghost Vale;;;;;
morrowind_134_la;Silnim;;;;;
morrowind_135_la;Yengrith;;;;;
morrowind_136_la;Orecea;;;;;
morrowind_137_la;Ralandes;;;;;
morrowind_138_la;Giravona;;;;;
morrowind_139_la;Caravan Crest;;;;;
morrowind_13_la;Bazhthum;;;;;
morrowind_140_la;Acrea;;;;;
morrowind_141_la;Diryni;;;;;
morrowind_142_la;Thilore;;;;;
morrowind_143_la;Sul;;;;;
morrowind_144_la;Ebonheart;;;;;
morrowind_145_la;Felms Ithul;;;;;
morrowind_146_la;Mzithumz;;;;;
morrowind_147_la;Corpse Garden;;;;;
morrowind_148_la;Othrensis;;;;;
morrowind_149_la;Ald Niripal;;;;;
morrowind_14_la;Mzingthlegfth;;;;;
morrowind_150_la;Sennahanib;;;;;
morrowind_151_la;Arkantng;;;;;
morrowind_152_la;Sirrilas;;;;;
morrowind_153_la;Khananzr;;;;;
morrowind_154_la;Gorne;;;;;
morrowind_155_la;Andarannipal;;;;;
morrowind_156_la;Zeba-Adad;;;;;
morrowind_157_la;Betno;;;;;
morrowind_158_la;Ash Mountain;;;;;
morrowind_159_la;Chunzefk;;;;;
morrowind_15_la;Aldvonu;;;;;
morrowind_160_la;Muthada;;;;;
morrowind_161_la;Akamora;;;;;
morrowind_162_la;Baro;;;;;
morrowind_163_la;Amthuandz;;;;;
morrowind_164_la;Mothrivra;;;;;
morrowind_165_la;Nchazdrumn;;;;;
morrowind_166_la;Velothis Haven;;;;;
morrowind_167_la;Mzankh;;;;;
morrowind_168_la;Ranyon-Rhun;;;;;
morrowind_169_la;Bahrammu;;;;;
morrowind_16_la;Dren;;;;;
morrowind_170_la;Moabdil;;;;;
morrowind_171_la;Port Telvannis;;;;;
morrowind_172_la;Nulevilo;;;;;
morrowind_173_la;Gataren;;;;;
morrowind_174_la;Northern Mora;;;;;
morrowind_175_la;Aruhn;;;;;
morrowind_176_la;Fyr;;;;;
morrowind_177_la;Ahemmusa;;;;;
morrowind_178_la;Zebabi;;;;;
morrowind_179_la;Galen Islands;;;;;
morrowind_17_la;Aluryra;;;;;
morrowind_180_la;Azura's Temple;;;;;
morrowind_181_la;Almurbalarammi;;;;;
morrowind_182_la;Mzanchend;;;;;
morrowind_183_la;Mul;;;;;
morrowind_184_la;Branora;;;;;
morrowind_185_la;Mount Kand;;;;;
morrowind_186_la;Mzahnch;;;;;
morrowind_187_la;Zalkin-Sul;;;;;
morrowind_188_la;Red Mountain;;;;;
morrowind_189_la;Assarnatamat;;;;;
morrowind_18_la;Karstaag;;;;;
morrowind_190_la;Sandas;;;;;
morrowind_191_la;Ald Sotha;;;;;
morrowind_192_la;Mallapi;;;;;
morrowind_193_la;Seyda;;;;;
morrowind_194_la;Caldera;;;;;
morrowind_195_la;Hlormaren;;;;;
morrowind_196_la;Gnisis;;;;;
morrowind_19_la;Ulummusa;;;;;
morrowind_1_la;Fahlbtharz;;;;;
morrowind_20_la;Oad;;;;;
morrowind_21_la;Uveran;;;;;
morrowind_22_la;Manrizache;;;;;
morrowind_23_la;Skaal;;;;;
morrowind_24_la;Mkalzand;;;;;
morrowind_25_la;Davvyn;;;;;
morrowind_26_la;Seyda Neen;;;;;
morrowind_27_la;Reich Parkeep;;;;;
morrowind_28_la;Kogotel;;;;;
morrowind_29_la;Kartur;;;;;
morrowind_2_la;Kogoruhn;;;;;
morrowind_30_la;Raled-Makei;;;;;
morrowind_31_la;Goltragga Agra;;;;;
morrowind_32_la;Hrogar's Hold;;;;;
morrowind_33_la;Maar Gan;;;;;
morrowind_34_la;Shand;;;;;
morrowind_35_la;Brahma's Grove;;;;;
morrowind_36_la;Daen Seeth;;;;;
morrowind_37_la;Bthungch;;;;;
morrowind_38_la;Oaktown;;;;;
morrowind_39_la;Mvelthngth-Schel;;;;;
morrowind_3_la;Cormar View;;;;;
morrowind_40_la;Seryn;;;;;
morrowind_41_la;Selfora;;;;;
morrowind_42_la;Malak's Maw;;;;;
morrowind_43_la;Bashipal;;;;;
morrowind_44_la;Bthanual;;;;;
morrowind_45_la;Ald Daedroth;;;;;
morrowind_46_la;Rithendis;;;;;
morrowind_47_la;Felyon;;;;;
morrowind_48_la;Mabrigash;;;;;
morrowind_49_la;Abalkala;;;;;
morrowind_4_la;Vas;;;;;
morrowind_50_la;Blacklight;;;;;
morrowind_51_la;Senie;;;;;
morrowind_52_la;Bthung;;;;;
morrowind_53_la;Dhalmora;;;;;
morrowind_54_la;Alavelis;;;;;
morrowind_55_la;Enamor Dayn;;;;;
morrowind_56_la;Arkngthleft;;;;;
morrowind_57_la;Uvulhandus;;;;;
morrowind_58_la;Inerisea;;;;;
morrowind_59_la;Suran;;;;;
morrowind_5_la;Heimlyn;;;;;
morrowind_60_la;Kemel-Ze;;;;;
morrowind_61_la;Nchuleft;;;;;
morrowind_62_la;Kvazmunduncharz;;;;;
morrowind_63_la;Belerilo;;;;;
morrowind_64_la;Aranyon;;;;;
morrowind_65_la;Southern Mora;;;;;
morrowind_66_la;Raven Rock;;;;;
morrowind_67_la;Zainab;;;;;
morrowind_68_la;Dagon Fel;;;;;
morrowind_69_la;Molag Mar;;;;;
morrowind_6_la;Balfalls;;;;;
morrowind_70_la;Rotheran;;;;;
morrowind_71_la;Arkngthand;;;;;
morrowind_72_la;Gnaar Mok;;;;;
morrowind_73_la;Andasreth;;;;;
morrowind_74_la;Tear;;;;;
morrowind_75_la;Ald'Ruhn;;;;;
morrowind_76_la;Mournhold;;;;;
morrowind_77_la;Necrom;;;;;
morrowind_78_la;Firewatch;;;;;
morrowind_79_la;Helnim;;;;;
morrowind_7_la;Serkamora;;;;;
morrowind_80_la;Gah Sadrith;;;;;
morrowind_81_la;Western Balmora;;;;;
morrowind_82_la;Eastern Balmora;;;;;
morrowind_83_la;Galom Daeus;;;;;
morrowind_84_la;Nchardumz;;;;;
morrowind_85_la;Hleran;;;;;
morrowind_86_la;Odrosal;;;;;
morrowind_87_la;Erabenimsun;;;;;
morrowind_88_la;Ald Velothi;;;;;
morrowind_89_la;Valenvaryon;;;;;
morrowind_8_la;Almas Thirr;;;;;
morrowind_90_la;Madas-Zebba;;;;;
morrowind_91_la;Endusal;;;;;
morrowind_92_la;Indoranyon;;;;;
morrowind_93_la;Zergonipal;;;;;
morrowind_94_la;Ald Redaynia;;;;;
morrowind_95_la;Bthulzand;;;;;
morrowind_96_la;Dunkreath;;;;;
morrowind_97_la;Urshilaku;;;;;
morrowind_98_la;Gargen Huul;;;;;
morrowind_99_la;Or Krazak;;;;;
morrowind_9_la;Hairab;;;;;
northern_islands_10_la;Ovione;;;;;
northern_islands_11_la;Nujier;;;;;
northern_islands_12_la;Yneslea;;;;;
northern_islands_13_la;Talise;;;;;
northern_islands_14_la;Telodice;;;;;
northern_islands_15_la;Iaosise;;;;;
northern_islands_16_la;Amphilio;;;;;
northern_islands_1_la;Moethenes;;;;;
northern_islands_2_la;Prailudin;;;;;
northern_islands_3_la;Muscari;;;;;
northern_islands_4_la;Black Harbor;;;;;
northern_islands_5_la;Mathiola;;;;;
northern_islands_6_la;Suimbi;;;;;
northern_islands_7_la;Penstemon;;;;;
northern_islands_8_la;Black Port;;;;;
northern_islands_9_la;Temi;;;;;
po_tun_10_la;Carsys;;;;;
po_tun_11_la;Cedo;;;;;
po_tun_12_la;Theven;;;;;
po_tun_13_la;Katan;;;;;
po_tun_14_la;Leisa;;;;;
po_tun_15_la;Gan Sho;;;;;
po_tun_16_la;Gulong;;;;;
po_tun_17_la;Kawan;;;;;
po_tun_18_la;Daledine;;;;;
po_tun_19_la;Sharverri;;;;;
po_tun_1_la;Tunexi;;;;;
po_tun_20_la;Kamo;;;;;
po_tun_21_la;Kaexi;;;;;
po_tun_22_la;Kaza-Xhelvara;;;;;
po_tun_23_la;Guo Mei;;;;;
po_tun_24_la;Zanexi;;;;;
po_tun_25_la;Jin Kesh;;;;;
po_tun_26_la;Eriophai;;;;;
po_tun_27_la;Liu Sak;;;;;
po_tun_28_la;Jhaotun;;;;;
po_tun_29_la;Fan Kuo;;;;;
po_tun_2_la;Tsaexi;;;;;
po_tun_30_la;Qing Lo;;;;;
po_tun_31_la;Dar'hax;;;;;
po_tun_32_la;Pochuan;;;;;
po_tun_33_la;Tialant;;;;;
po_tun_34_la;Biyu;;;;;
po_tun_35_la;Na Tan;;;;;
po_tun_36_la;Shan Po;;;;;
po_tun_37_la;Po'hax;;;;;
po_tun_38_la;Dao Shek;;;;;
po_tun_39_la;Tai Pek;;;;;
po_tun_3_la;Shan Tus;;;;;
po_tun_40_la;Pon Tsu;;;;;
po_tun_41_la;Rash Sho;;;;;
po_tun_42_la;Pei Ko;;;;;
po_tun_43_la;Ohadhax;;;;;
po_tun_44_la;Lin Kash;;;;;
po_tun_45_la;Umitun;;;;;
po_tun_46_la;Tu' Mok;;;;;
po_tun_47_la;Mei Pek;;;;;
po_tun_48_la;Jianhax;;;;;
po_tun_49_la;Zheng Lo;;;;;
po_tun_4_la;Dao;;;;;
po_tun_50_la;Den Kuo;;;;;
po_tun_51_la;Mohax;;;;;
po_tun_52_la;Ma' Pei;;;;;
po_tun_53_la;Tosh Sho;;;;;
po_tun_54_la;Lukoexi;;;;;
po_tun_55_la;Wei Shuren;;;;;
po_tun_56_la;No Pon;;;;;
po_tun_57_la;Sek Tun;;;;;
po_tun_58_la;Zhu Kesh;;;;;
po_tun_59_la;Dar'mha;;;;;
po_tun_5_la;Zheirroth;;;;;
po_tun_60_la;Sun' Kiang;;;;;
po_tun_61_la;Ku Shao;;;;;
po_tun_62_la;Lao'Sencka;;;;;
po_tun_63_la;Kabuto;;;;;
po_tun_64_la;Kon Pak;;;;;
po_tun_65_la;Lan Shu;;;;;
po_tun_66_la;Du' Meng;;;;;
po_tun_67_la;Tunhax;;;;;
po_tun_68_la;Shu' Pei;;;;;
po_tun_69_la;Na' Sho;;;;;
po_tun_6_la;Werrae;;;;;
po_tun_70_la;Eriato;;;;;
po_tun_71_la;Yang Pao;;;;;
po_tun_72_la;Tosh Raka;;;;;
po_tun_73_la;Tynlean;;;;;
po_tun_7_la;Breasuet;;;;;
po_tun_8_la;Naelamin;;;;;
po_tun_9_la;Kalipa;;;;;
pyandonea_10_la;Banta;;;;;
pyandonea_11_la;Secula;;;;;
pyandonea_12_la;Phileth;;;;;
pyandonea_13_la;Pontu;;;;;
pyandonea_14_la;Trynmita;;;;;
pyandonea_15_la;Etho Sul;;;;;
pyandonea_16_la;Honli;;;;;
pyandonea_17_la;Gaddu;;;;;
pyandonea_18_la;Humbled;;;;;
pyandonea_19_la;Hyshulwash;;;;;
pyandonea_1_la;Tiguna;;;;;
pyandonea_20_la;Senno;;;;;
pyandonea_21_la;Akuna;;;;;
pyandonea_22_la;Mantu;;;;;
pyandonea_23_la;Eleisly;;;;;
pyandonea_24_la;Amioth;;;;;
pyandonea_25_la;Wega;;;;;
pyandonea_26_la;Ilyn;;;;;
pyandonea_27_la;Retha;;;;;
pyandonea_28_la;Brezira;;;;;
pyandonea_29_la;Sylmenvel;;;;;
pyandonea_2_la;Keymys;;;;;
pyandonea_30_la;Kituna Vos;;;;;
pyandonea_31_la;Vos;;;;;
pyandonea_32_la;Dhanah;;;;;
pyandonea_33_la;Lidwyn;;;;;
pyandonea_34_la;Vallas Bor;;;;;
pyandonea_35_la;Teirla;;;;;
pyandonea_36_la;Inehulven;;;;;
pyandonea_37_la;Darris;;;;;
pyandonea_38_la;Baga;;;;;
pyandonea_39_la;Arcantys;;;;;
pyandonea_3_la;Cato Ydur;;;;;
pyandonea_40_la;Velu;;;;;
pyandonea_41_la;Bondar;;;;;
pyandonea_4_la;Khael;;;;;
pyandonea_5_la;Roa;;;;;
pyandonea_6_la;Pyrrahn;;;;;
pyandonea_7_la;Altea;;;;;
pyandonea_8_la;Orifiel;;;;;
pyandonea_9_la;Abbarbas;;;;;
roscrea_10_la;Hvalcrea;;;;;
roscrea_11_la;Cold Divines;;;;;
roscrea_12_la;Roscrea Icebergs;;;;;
roscrea_1_la;Gundercrea;;;;;
roscrea_2_la;Frulthuul;;;;;
roscrea_3_la;Avnacrea;;;;;
roscrea_4_la;Stonvaal;;;;;
roscrea_5_la;Winter's Isle;;;;;
roscrea_6_la;The Edge;;;;;
roscrea_7_la;Shen;;;;;
roscrea_8_la;Jarnfell;;;;;
roscrea_9_la;Crane Shore;;;;;
skyrim_100_la;Rockjoint;;;;;
skyrim_101_la;Snow Veil;;;;;
skyrim_102_la;Bleakcoast;;;;;
skyrim_103_la;Winterhold;;;;;
skyrim_104_la;Alftand;;;;;
skyrim_105_la;Morvunskar;;;;;
skyrim_106_la;Mavedolyn;;;;;
skyrim_107_la;Mor Khazgur;;;;;
skyrim_108_la;Giant's Coast;;;;;
skyrim_109_la;Greybone;;;;;
skyrim_10_la;Treva's Watch;;;;;
skyrim_110_la;Northwatch;;;;;
skyrim_111_la;Brinewater;;;;;
skyrim_112_la;Dragon Bridge;;;;;
skyrim_113_la;Dragon Overlook;;;;;
skyrim_114_la;Chillwind;;;;;
skyrim_115_la;Silversnow;;;;;
skyrim_116_la;Brood Cavern;;;;;
skyrim_117_la;Robber's Gorge;;;;;
skyrim_118_la;Rannveig's Fast;;;;;
skyrim_119_la;Stonehill;;;;;
skyrim_11_la;Korvanjund;;;;;
skyrim_120_la;Sonjida;;;;;
skyrim_121_la;Frozen Coast;;;;;
skyrim_122_la;Skytemple;;;;;
skyrim_123_la;Great Lift at Alftand;;;;;
skyrim_124_la;Serpent's Bluff;;;;;
skyrim_125_la;Mzark;;;;;
skyrim_126_la;Nilsten;;;;;
skyrim_127_la;Irkngthand;;;;;
skyrim_128_la;Kjenstag;;;;;
skyrim_129_la;Ustengrav;;;;;
skyrim_12_la;Whiterun;;;;;
skyrim_13_la;Bromjunaar;;;;;
skyrim_14_la;Sleeping Tree;;;;;
skyrim_15_la;Morthal;;;;;
skyrim_16_la;Solitude;;;;;
skyrim_17_la;Volkihar;;;;;
skyrim_18_la;Karthwasten;;;;;
skyrim_19_la;Markarth Side;;;;;
skyrim_1_la;Wisplight Glen;;;;;
skyrim_20_la;Volskygge;;;;;
skyrim_21_la;Widow's Watch;;;;;
skyrim_22_la;Ravenscar;;;;;
skyrim_23_la;Forgotten Vale;;;;;
skyrim_24_la;Earth Forge;;;;;
skyrim_25_la;Hraggstad;;;;;
skyrim_26_la;Bthardamz;;;;;
skyrim_27_la;Hag Rock;;;;;
skyrim_28_la;Karthwatch;;;;;
skyrim_29_la;Arkngthamz;;;;;
skyrim_2_la;Dawnstar;;;;;
skyrim_30_la;Evergreen Woods;;;;;
skyrim_31_la;Old Hroldan;;;;;
skyrim_32_la;Leap Redoubt;;;;;
skyrim_33_la;Snowhawk;;;;;
skyrim_34_la;Honning Fields;;;;;
skyrim_35_la;Hob's Fall;;;;;
skyrim_36_la;Whitewatch;;;;;
skyrim_37_la;Anthor;;;;;
skyrim_38_la;Ysgramor's Tomb;;;;;
skyrim_39_la;Dunstad;;;;;
skyrim_3_la;Windhelm;;;;;
skyrim_40_la;Stillborn;;;;;
skyrim_41_la;Kynesgrove;;;;;
skyrim_42_la;Mzulft;;;;;
skyrim_43_la;Cradlecrush;;;;;
skyrim_44_la;Snowpoint;;;;;
skyrim_45_la;Mzinchaleft;;;;;
skyrim_46_la;Hillgrund's Tomb;;;;;
skyrim_47_la;Folgunthur;;;;;
skyrim_48_la;Yorgrim Overlook;;;;;
skyrim_49_la;Greymoor;;;;;
skyrim_4_la;Eldergleam;;;;;
skyrim_50_la;Riverwood;;;;;
skyrim_51_la;Ilinalta's Deep;;;;;
skyrim_52_la;Pinewatch;;;;;
skyrim_53_la;Skybound Watch;;;;;
skyrim_54_la;Haemar's Shame;;;;;
skyrim_55_la;High Hrothgar;;;;;
skyrim_56_la;Guldun;;;;;
skyrim_57_la;Honeystrand;;;;;
skyrim_58_la;Riften;;;;;
skyrim_59_la;Avanchnzel;;;;;
skyrim_5_la;Ivarstead;;;;;
skyrim_60_la;Starkad;;;;;
skyrim_61_la;Forelhost;;;;;
skyrim_62_la;Raldbthar;;;;;
skyrim_63_la;Traitor's Post;;;;;
skyrim_64_la;Riverside;;;;;
skyrim_65_la;Steamcrag;;;;;
skyrim_66_la;Kagrenzel;;;;;
skyrim_67_la;Mistwatch;;;;;
skyrim_68_la;Nilheim;;;;;
skyrim_69_la;Vermin Woods;;;;;
skyrim_6_la;Falkreath;;;;;
skyrim_70_la;Northwind;;;;;
skyrim_71_la;Greenwall;;;;;
skyrim_72_la;Darklight;;;;;
skyrim_73_la;Shor's Stone;;;;;
skyrim_74_la;Valtheim;;;;;
skyrim_75_la;Bthalft;;;;;
skyrim_76_la;Amol;;;;;
skyrim_77_la;Grethel's Vigil;;;;;
skyrim_78_la;Neugrad;;;;;
skyrim_79_la;Skybound Barrow;;;;;
skyrim_7_la;Bard's Leap;;;;;
skyrim_80_la;Ancestor Glade;;;;;
skyrim_81_la;Helgen;;;;;
skyrim_82_la;Riverview;;;;;
skyrim_83_la;Black-Briar;;;;;
skyrim_84_la;Halldir's Cairn;;;;;
skyrim_85_la;Glenmoril Coven;;;;;
skyrim_86_la;Cradle Stone;;;;;
skyrim_87_la;Lost Valley;;;;;
skyrim_88_la;Reachwind;;;;;
skyrim_89_la;Sky Haven;;;;;
skyrim_8_la;Yngvild;;;;;
skyrim_90_la;Karthspire;;;;;
skyrim_91_la;Dragontooth;;;;;
skyrim_92_la;Bleak Falls;;;;;
skyrim_93_la;Oak Woods;;;;;
skyrim_94_la;Hendraheim;;;;;
skyrim_95_la;Rorikstead;;;;;
skyrim_96_la;Great Henge;;;;;
skyrim_97_la;Halted Stream;;;;;
skyrim_98_la;Silverdrift;;;;;
skyrim_99_la;Silent Moons;;;;;
skyrim_9_la;Tildar;;;;;
summerset_10_la;Aelsinthaer;;;;;
summerset_11_la;Chamkaender;;;;;
summerset_12_la;Rilis;;;;;
summerset_13_la;Silinthius;;;;;
summerset_14_la;Greenwater Cove;;;;;
summerset_15_la;Glister Vale;;;;;
summerset_16_la;Skywatch;;;;;
summerset_17_la;Eldbur Sanctuary;;;;;
summerset_18_la;Illumination Academy;;;;;
summerset_19_la;Terdith;;;;;
summerset_1_la;Queen's Hatchery;;;;;
summerset_20_la;Sir-Var-Woad;;;;;
summerset_21_la;Calambar;;;;;
summerset_22_la;Beacon Falls;;;;;
summerset_23_la;Dusk;;;;;
summerset_24_la;Nirenoore;;;;;
summerset_25_la;Eyevea;;;;;
summerset_26_la;Karndar Watch;;;;;
summerset_27_la;Charmkaender;;;;;
summerset_28_la;Glenview;;;;;
summerset_29_la;Phaer;;;;;
summerset_2_la;Kingshaven;;;;;
summerset_30_la;Monkey's Rest;;;;;
summerset_31_la;Seaside Scarp;;;;;
summerset_32_la;Northern Firsthold;;;;;
summerset_33_la;Welenkin Gove;;;;;
summerset_34_la;Hollifel;;;;;
summerset_35_la;Endrae;;;;;
summerset_36_la;Croddlehurst;;;;;
summerset_37_la;Syldarim;;;;;
summerset_38_la;Corgrad;;;;;
summerset_39_la;Highifeth;;;;;
summerset_3_la;Vigot;;;;;
summerset_40_la;Karnwasten;;;;;
summerset_41_la;Ald Mora;;;;;
summerset_42_la;Russafeld;;;;;
summerset_43_la;Kingdom Fields;;;;;
summerset_44_la;Valnoore;;;;;
summerset_45_la;Archen Grangrove;;;;;
summerset_46_la;Archon's Grove;;;;;
summerset_47_la;Thromwatch;;;;;
summerset_48_la;Astalda;;;;;
summerset_49_la;Sacred Numbers;;;;;
summerset_4_la;Ebon Stadmont;;;;;
summerset_50_la;Tor-Hame-Khard;;;;;
summerset_51_la;Cloudrest;;;;;
summerset_52_la;Saelinfaere;;;;;
summerset_53_la;Curie;;;;;
summerset_54_la;Charmaerith;;;;;
summerset_55_la;Seawatch;;;;;
summerset_56_la;Jaerfhaer;;;;;
summerset_57_la;Alinor;;;;;
summerset_58_la;Coraldale;;;;;
summerset_59_la;Heinarwe;;;;;
summerset_5_la;Cey-Tarn;;;;;
summerset_60_la;Rellenthil;;;;;
summerset_61_la;Ardende;;;;;
summerset_62_la;Gryphon Run;;;;;
summerset_63_la;Direnni Acropolis;;;;;
summerset_64_la;Nirae;;;;;
summerset_65_la;Eldbur;;;;;
summerset_66_la;Marbruk Brook;;;;;
summerset_67_la;Tandeth;;;;;
summerset_68_la;Belport Run;;;;;
summerset_69_la;Tahromoth;;;;;
summerset_6_la;Alinor Crest;;;;;
summerset_70_la;Ezduiin;;;;;
summerset_71_la;Elaurmend;;;;;
summerset_72_la;Vulkhel Guard;;;;;
summerset_73_la;Aldveyond Beldaburk;;;;;
summerset_74_la;Banished Cells;;;;;
summerset_75_la;Southern Firsthold;;;;;
summerset_76_la;Camiena;;;;;
summerset_77_la;Charmore;;;;;
summerset_78_la;Torinaan;;;;;
summerset_79_la;Dawnbreak;;;;;
summerset_7_la;Shimmerene;;;;;
summerset_80_la;Shattered Grove;;;;;
summerset_81_la;Pearl Islands;;;;;
summerset_82_la;Quendeluun;;;;;
summerset_83_la;Mathiisen;;;;;
summerset_84_la;Tanzelwil;;;;;
summerset_85_la;Nirynirya;;;;;
summerset_86_la;College of Sapiarchs;;;;;
summerset_87_la;Salingius;;;;;
summerset_88_la;Lillandril;;;;;
summerset_89_la;Crystal Tower;;;;;
summerset_8_la;Sunhold;;;;;
summerset_90_la;Augury Basin;;;;;
summerset_9_la;Felballin;;;;;
thousand_10_la;To;;;;;
thousand_11_la;Ufoil;;;;;
thousand_12_la;Ynni;;;;;
thousand_13_la;Umpa;;;;;
thousand_14_la;Lumpa;;;;;
thousand_15_la;Nassella;;;;;
thousand_16_la;Zyvu;;;;;
thousand_17_la;Gyldisien;;;;;
thousand_18_la;Zelhana;;;;;
thousand_19_la;Koda;;;;;
thousand_1_la;Ralla;;;;;
thousand_20_la;Bo;;;;;
thousand_21_la;Old Islands;;;;;
thousand_22_la;Phoessei;;;;;
thousand_23_la;Tang Mo;;;;;
thousand_24_la;Reltrana;;;;;
thousand_25_la;Unathana;;;;;
thousand_26_la;Kellassen;;;;;
thousand_2_la;Messelise;;;;;
thousand_3_la;Ko;;;;;
thousand_4_la;Fo;;;;;
thousand_5_la;Phacelia;;;;;
thousand_6_la;Seleda;;;;;
thousand_7_la;Cembra;;;;;
thousand_8_la;Lo;;;;;
thousand_9_la;Daphosise;;;;;
topal_island_la;Topal Island;;;;;
tsakara_10_la;Chilrin;;;;;
tsakara_11_la;Ishyunith;;;;;
tsakara_12_la;Versaduesci;;;;;
tsakara_13_la;Zarascith;;;;;
tsakara_14_la;Egelah;;;;;
tsakara_15_la;Umsiuesci;;;;;
tsakara_16_la;Autaux;;;;;
tsakara_17_la;Yenqijes;;;;;
tsakara_18_la;Rocex;;;;;
tsakara_19_la;Liomene;;;;;
tsakara_1_la;Radresnu;;;;;
tsakara_20_la;Tsaesci;;;;;
tsakara_21_la;Hona;;;;;
tsakara_22_la;Agax;;;;;
tsakara_23_la;Yamanith;;;;;
tsakara_24_la;Akogze;;;;;
tsakara_25_la;Szosuinith;;;;;
tsakara_26_la;Saviriesci;;;;;
tsakara_27_la;Thoreisk;;;;;
tsakara_28_la;Cleollabal;;;;;
tsakara_29_la;Beith;;;;;
tsakara_2_la;Ionith;;;;;
tsakara_30_la;Jeqet;;;;;
tsakara_31_la;Zalus;;;;;
tsakara_32_la;Ahith;;;;;
tsakara_33_la;Zhannedu;;;;;
tsakara_34_la;Valleku;;;;;
tsakara_35_la;Chayukri;;;;;
tsakara_36_la;Nidi;;;;;
tsakara_37_la;Beodonne;;;;;
tsakara_38_la;Epine;;;;;
tsakara_39_la;Tzuosci;;;;;
tsakara_3_la;Dhidra;;;;;
tsakara_40_la;Zuinith;;;;;
tsakara_41_la;Izs;;;;;
tsakara_42_la;Shaesci;;;;;
tsakara_43_la;Kennak;;;;;
tsakara_44_la;Eoryuesci;;;;;
tsakara_45_la;Dagnass;;;;;
tsakara_46_la;Zenain;;;;;
tsakara_47_la;Beceti;;;;;
tsakara_48_la;Kherso;;;;;
tsakara_49_la;Szeladonith;;;;;
tsakara_4_la;Laroith;;;;;
tsakara_50_la;Khrerha;;;;;
tsakara_51_la;Broussont;;;;;
tsakara_52_la;Chimnith;;;;;
tsakara_53_la;Cleaumie;;;;;
tsakara_54_la;Yaonith;;;;;
tsakara_55_la;Xyrwarin;;;;;
tsakara_56_la;Fumone;;;;;
tsakara_57_la;Traisent;;;;;
tsakara_58_la;Eziduesci;;;;;
tsakara_59_la;Khiasecih;;;;;
tsakara_5_la;Ros;;;;;
tsakara_60_la;Erinith;;;;;
tsakara_61_la;Shanexi;;;;;
tsakara_62_la;Teamaut;;;;;
tsakara_63_la;Zhenchi;;;;;
tsakara_64_la;Olvent;;;;;
tsakara_65_la;Qothvith;;;;;
tsakara_66_la;Julaav;;;;;
tsakara_67_la;Negin;;;;;
tsakara_68_la;Elzaqess;;;;;
tsakara_6_la;Ozuith;;;;;
tsakara_7_la;Kirrette;;;;;
tsakara_8_la;Chesk;;;;;
tsakara_9_la;Pringanti;;;;;
valenwood_10_la;Carac Dena;;;;;
valenwood_11_la;Greenheart;;;;;
valenwood_12_la;Twin Falls;;;;;
valenwood_13_la;Malabar Gate;;;;;
valenwood_14_la;Black Park;;;;;
valenwood_15_la;Falinesti;;;;;
valenwood_16_la;Woodhearth;;;;;
valenwood_17_la;Rootwatch;;;;;
valenwood_18_la;Ne Salas;;;;;
valenwood_19_la;Broken Coast;;;;;
valenwood_1_la;Ebon Ro;;;;;
valenwood_20_la;Applepool;;;;;
valenwood_21_la;Brackenleaf;;;;;
valenwood_22_la;Bloodtoil Valley;;;;;
valenwood_23_la;Riverlock;;;;;
valenwood_24_la;Vulkwasten;;;;;
valenwood_25_la;Moonmont;;;;;
valenwood_26_la;Tanglehaven;;;;;
valenwood_27_la;Verrant Morass;;;;;
valenwood_28_la;Shadybrook;;;;;
valenwood_29_la;Sleepy Senche;;;;;
valenwood_2_la;Selene's Web;;;;;
valenwood_30_la;Willowgrove;;;;;
valenwood_31_la;Bluewood;;;;;
valenwood_32_la;Port Dibellum;;;;;
valenwood_33_la;Haven;;;;;
valenwood_34_la;Elden Root;;;;;
valenwood_35_la;Green Hall;;;;;
valenwood_36_la;Redfur;;;;;
valenwood_37_la;Gushnukbur;;;;;
valenwood_38_la;Marbruk;;;;;
valenwood_39_la;Senche's Perch;;;;;
valenwood_3_la;Silvenar;;;;;
valenwood_40_la;Senalana;;;;;
valenwood_41_la;Arenthia;;;;;
valenwood_42_la;Karthdar;;;;;
valenwood_43_la;Root Sunder;;;;;
valenwood_44_la;Rivermire;;;;;
valenwood_45_la;Long Coast;;;;;
valenwood_46_la;Mobar;;;;;
valenwood_47_la;Brukbrook;;;;;
valenwood_48_la;Snugpod;;;;;
valenwood_49_la;Barkbite;;;;;
valenwood_4_la;Cori Silmoor;;;;;
valenwood_50_la;Southpoint;;;;;
valenwood_51_la;Bone Orchad;;;;;
valenwood_52_la;Ferngrove;;;;;
valenwood_53_la;Greengrove;;;;;
valenwood_54_la;Diss;;;;;
valenwood_55_la;Cormount;;;;;
valenwood_56_la;Driladan Pass;;;;;
valenwood_57_la;Tarlain Heights;;;;;
valenwood_58_la;Lhurgash;;;;;
valenwood_59_la;Rock Vale;;;;;
valenwood_5_la;Bluestone;;;;;
valenwood_60_la;Meadow Run;;;;;
valenwood_61_la;Longhaven;;;;;
valenwood_62_la;Vullain;;;;;
valenwood_63_la;Treehenge;;;;;
valenwood_64_la;Tempest Island;;;;;
valenwood_65_la;Deepwoods;;;;;
valenwood_66_la;Silvenar Vale;;;;;
valenwood_67_la;Abamath;;;;;
valenwood_68_la;Bone Nest;;;;;
valenwood_69_la;Greenhill;;;;;
valenwood_6_la;Eagle Vale;;;;;
valenwood_70_la;Greenspeaker's Grove;;;;;
valenwood_71_la;Jodewood;;;;;
valenwood_72_la;Crescent Basin;;;;;
valenwood_73_la;Greenscrub;;;;;
valenwood_74_la;Jathsogur;;;;;
valenwood_75_la;Valeguard Woods;;;;;
valenwood_76_la;Black Vine;;;;;
valenwood_77_la;Ragnthar Woods;;;;;
valenwood_78_la;Hoarvor Pit;;;;;
valenwood_79_la;Vinedusk;;;;;
valenwood_7_la;Cormeir Spring;;;;;
valenwood_80_la;Northern Woods;;;;;
valenwood_81_la;Seaside Sanctuary;;;;;
valenwood_82_la;Velyn Harbor;;;;;
valenwood_83_la;Green Islands;;;;;
valenwood_84_la;Coral Islands;;;;;
valenwood_8_la;Bramblebreach;;;;;
valenwood_9_la;Gil-Var-Delle;;;;;
yokuda_10_la;Bahia;;;;;
yokuda_11_la;Moni;;;;;
yokuda_12_la;Western Samara;;;;;
yokuda_13_la;Eastern Samara;;;;;
yokuda_14_la;Far Islands;;;;;
yokuda_15_la;Senel;;;;;
yokuda_16_la;Hattu Mountain;;;;;
yokuda_17_la;Northern Toramn;;;;;
yokuda_18_la;Southern Toramon;;;;;
yokuda_19_la;Thelora;;;;;
yokuda_1_la;Filaena;;;;;
yokuda_20_la;High Desert;;;;;
yokuda_21_la;Jalfaye;;;;;
yokuda_22_la;Ancoilia;;;;;
yokuda_23_la;Seuol Yeler;;;;;
yokuda_24_la;Arranbu;;;;;
yokuda_25_la;Yul;;;;;
yokuda_26_la;Arch;;;;;
yokuda_27_la;Totambu;;;;;
yokuda_28_la;Sanalia;;;;;
yokuda_29_la;Taleskan;;;;;
yokuda_2_la;Tagon;;;;;
yokuda_30_la;Zarthos;;;;;
yokuda_31_la;Lyrea;;;;;
yokuda_32_la;Rodecey;;;;;
yokuda_33_la;Neesona;;;;;
yokuda_34_la;Northern Kanesh;;;;;
yokuda_35_la;Lumut;;;;;
yokuda_36_la;Southern Kanesh;;;;;
yokuda_37_la;Klithi;;;;;
yokuda_38_la;Kruzka;;;;;
yokuda_39_la;Akos Kasaz;;;;;
yokuda_3_la;Irethea;;;;;
yokuda_40_la;Suol'Yelr;;;;;
yokuda_41_la;Tonilone;;;;;
yokuda_42_la;Nalonga;;;;;
yokuda_43_la;Akorri;;;;;
yokuda_44_la;Anorola;;;;;
yokuda_45_la;Zanjar;;;;;
yokuda_46_la;Theldim;;;;;
yokuda_47_la;Kil'Yelir;;;;;
yokuda_48_la;Grothga;;;;;
yokuda_49_la;Saegen;;;;;
yokuda_4_la;Sterron;;;;;
yokuda_50_la;Ravan;;;;;
yokuda_51_la;Kructam;;;;;
yokuda_52_la;Jolde;;;;;
yokuda_5_la;A'raei;;;;;
yokuda_6_la;Vathi;;;;;
yokuda_7_la;Makan;;;;;
yokuda_8_la;Saurcta;;;;;
yokuda_9_la;Kardesh;;;;;
